modelo,linea,n,MAE_kWh,RMSE_kWh,bias_kWh,WAPE,negative_raw
Chronos_2_covariates,Pellet 1,149.0,81.77605848888423,115.20927157180775,-11.520510884739418,0.36934881446653484,0.0
Chronos_2_covariates,Pellet 2,257.0,70.0990213461674,98.97164647946582,-8.20202808590433,0.28093006533039633,0.0
Chronos_2_covariates,Pellet 3,178.0,110.94155643763168,150.47291425999902,-5.124639103921619,0.3500043786160904,0.0
Chronos_2_univariate,Pellet 1,149.0,99.0722277033249,134.2945229555377,-16.11811895178469,0.4474684953635372,0.0
Chronos_2_univariate,Pellet 2,257.0,81.3443654397787,111.66422765056186,-8.0479426074742,0.32599710321784797,0.0
Chronos_2_univariate,Pellet 3,178.0,127.78592615020409,167.3427630091163,-12.95791111635359,0.4031459005465399,0.0
NHITS,Pellet 1,149.0,62.06980516403846,92.70655293523468,-10.288773743631598,0.2803437751236524,0.0
NHITS,Pellet 2,257.0,56.84590693763473,76.29689987561946,-11.492509386109903,0.2278166519742502,1.0
NHITS,Pellet 3,178.0,80.13911594212487,111.84086458867839,15.198292821534112,0.2528271855815783,0.0
Ridge_actual,Pellet 1,149.0,48.95750390379221,78.24501287807504,-1.7991762097250017,0.2211209045807011,0.0
Ridge_actual,Pellet 2,257.0,48.132039452709606,65.50376929146029,-17.040875917897583,0.19289480406810575,0.0
Ridge_actual,Pellet 3,178.0,65.2026703515397,90.21996355786524,10.616368411632063,0.2057048851061496,0.0
Ridge_ventana,Pellet 1,149.0,58.89469890090657,81.22929832942891,-4.82239046032798,0.26600312633519996,0.0
Ridge_ventana,Pellet 2,257.0,57.711793591912574,74.62815959417256,-13.50143741046127,0.23128679449098724,2.0
Ridge_ventana,Pellet 3,178.0,77.18552213213674,103.3063990073944,18.869329302498464,0.24350902925365273,0.0
TFT,Pellet 1,149.0,49.20576569309858,79.59815137275727,-6.384779825573277,0.22224220095095978,0.0
TFT,Pellet 2,257.0,47.22322509159896,66.22038869971608,-19.55865207070998,0.18925262372183227,0.0
TFT,Pellet 3,178.0,66.65164231119148,94.31647017390301,-3.259601778751907,0.21027617963864664,0.0
TimesFM_2.5_covariates,Pellet 1,149.0,65.78001051525142,101.21967421736458,-13.492624679667845,0.29710124635937074,0.0
TimesFM_2.5_covariates,Pellet 2,257.0,61.86301755337815,87.27670413358163,-9.452132552205324,0.24792331232390546,0.0
TimesFM_2.5_covariates,Pellet 3,178.0,223.47650189908802,1159.180002271992,116.8978392354558,0.7050356664723715,0.0
TimesFM_2.5_univariate,Pellet 1,149.0,97.50120341665793,132.41560168490807,-13.958159171494874,0.4403728249619434,0.0
TimesFM_2.5_univariate,Pellet 2,257.0,78.83099805975786,107.37832438171375,-4.758378556421262,0.31592448809841955,0.0
TimesFM_2.5_univariate,Pellet 3,178.0,120.83807788806016,157.29453922549695,-11.701654712805597,0.3812264558245105,0.0
