modelo,fold,n,MAE_kWh,RMSE_kWh,bias_kWh,WAPE,negative_raw
Chronos_2_covariates,2025-01-25,151.0,93.58492064305563,132.59949875160396,-9.890536258674688,0.3496757172463806,0.0
Chronos_2_covariates,2025-02-01,133.0,95.81661703753308,134.05384717347425,-17.068530403004523,0.3455392085285684,0.0
Chronos_2_covariates,2025-02-08,151.0,76.21749155410869,107.60453982882524,-5.144905595589952,0.290858668503239,0.0
Chronos_2_covariates,2025-02-15,149.0,77.61009354995636,107.8146998121176,-1.3167572940139063,0.3152915002678758,0.0
Chronos_2_univariate,2025-01-25,151.0,110.41176635479208,149.5069620012079,-11.688309000939793,0.41254844613063846,0.0
Chronos_2_univariate,2025-02-01,133.0,106.11013282982239,146.8358280482108,-14.290246344469518,0.3826602571505491,0.0
Chronos_2_univariate,2025-02-08,151.0,91.40505546923507,124.9182547234587,-14.48480396397067,0.3488169472144381,0.0
Chronos_2_univariate,2025-02-15,149.0,92.79309354872746,123.62783955625022,-6.199237121689949,0.37697253464387914,0.0
NHITS,2025-01-25,151.0,75.98719660464016,104.44610045821518,-22.101024028603675,0.28392263723355465,1.0
NHITS,2025-02-01,133.0,73.22656984224355,105.8916499494048,7.232196351320258,0.2640737250892428,0.0
NHITS,2025-02-08,151.0,55.85604859849586,71.80501340521934,-0.13960970105978013,0.21315600385086306,0.0
NHITS,2025-02-15,149.0,56.87985151288694,85.37260619867806,4.128506715807434,0.23107475971496505,0.0
Ridge_actual,2025-01-25,151.0,52.30192507406325,76.40212233199141,-11.792237623760313,0.19542371824404192,0.0
Ridge_actual,2025-02-01,133.0,63.79656042615229,90.73139440751626,-7.066504081708119,0.23006670114289818,0.0
Ridge_actual,2025-02-08,151.0,49.89234839433077,65.9856636826106,-9.118994605462285,0.19039752852759,0.0
Ridge_actual,2025-02-15,149.0,49.35838733677666,74.63632120058244,8.990418259071117,0.20051876350590978,0.0
Ridge_ventana,2025-01-25,151.0,67.19711487047621,85.31896052674917,-8.05620103257783,0.2510789043551407,0.0
Ridge_ventana,2025-02-01,133.0,74.56453231819056,99.1675315372004,3.88858884316999,0.2688987597155285,1.0
Ridge_ventana,2025-02-08,151.0,57.25642468668979,72.76793253462563,-8.644918176512055,0.21850007272679423,1.0
Ridge_ventana,2025-02-15,149.0,57.964407767956644,86.21083540991985,7.886051726162926,0.2354807764216158,0.0
TFT,2025-01-25,151.0,52.277640576433264,79.77000781224527,-23.90255553608311,0.195332980344513,0.0
TFT,2025-02-01,133.0,62.73196301973521,93.12162684994443,-8.502283433346491,0.22622749082021662,0.0
TFT,2025-02-08,151.0,50.58988574703798,67.02245799240168,-15.512606454474513,0.1930594474848108,0.0
TFT,2025-02-15,149.0,50.038071890844066,76.05934119460998,3.5193172107957214,0.20327998634379843,0.0
TimesFM_2.5_covariates,2025-01-25,151.0,235.91509389526405,1256.2779552435054,143.4149186270481,0.8814858109643015,0.0
TimesFM_2.5_covariates,2025-02-01,133.0,81.20024398166225,119.73486877365723,-26.728965039859116,0.2928288318377955,0.0
TimesFM_2.5_covariates,2025-02-08,151.0,59.70201691990243,83.81093585989736,-10.573276797667248,0.22783286085914975,0.0
TimesFM_2.5_covariates,2025-02-15,149.0,67.38938411662477,96.29710380614186,-0.9122102363180669,0.273769802977782,0.0
TimesFM_2.5_univariate,2025-01-25,151.0,106.47116097228142,143.47725868388784,-4.312025696359008,0.3978245568112259,0.0
TimesFM_2.5_univariate,2025-02-01,133.0,99.91310609091703,139.87277499116354,-17.75000386969126,0.36031219497931893,0.0
TimesFM_2.5_univariate,2025-02-08,151.0,86.5300020937888,117.83785666374096,-13.66113867349183,0.3302129298851892,0.0
TimesFM_2.5_univariate,2025-02-15,149.0,93.0523821573553,120.75067579118878,-2.086343690711287,0.3780258962709208,0.0
