fold,partition,fila_fuente,n_historia,partition_start,partition_end
2025-01-25,train,8,0,2025-01-01 00:00:00,2025-01-25 00:00:00
2025-01-25,train,5,0,2025-01-01 00:00:00,2025-01-25 00:00:00
2025-01-25,train,4,0,2025-01-01 00:00:00,2025-01-25 00:00:00
2025-01-25,train,7,0,2025-01-01 00:00:00,2025-01-25 00:00:00
2025-01-25,train,6,1,2025-01-01 00:00:00,2025-01-25 00:00:00
2025-01-25,train,3,0,2025-01-01 00:00:00,2025-01-25 00:00:00
2025-01-25,train,2,1,2025-01-01 00:00:00,2025-01-25 00:00:00
2025-01-25,train,45,1,2025-01-01 00:00:00,2025-01-25 00:00:00
2025-01-25,train,13,0,2025-01-01 00:00:00,2025-01-25 00:00:00
2025-01-25,train,41,1,2025-01-01 00:00:00,2025-01-25 00:00:00
2025-01-25,train,15,0,2025-01-01 00:00:00,2025-01-25 00:00:00
2025-01-25,train,11,2,2025-01-01 00:00:00,2025-01-25 00:00:00
2025-01-25,train,9,2,2025-01-01 00:00:00,2025-01-25 00:00:00
2025-01-25,train,35,3,2025-01-01 00:00:00,2025-01-25 00:00:00
2025-01-25,train,42,3,2025-01-01 00:00:00,2025-01-25 00:00:00
2025-01-25,train,39,3,2025-01-01 00:00:00,2025-01-25 00:00:00
2025-01-25,train,14,1,2025-01-01 00:00:00,2025-01-25 00:00:00
2025-01-25,train,16,1,2025-01-01 00:00:00,2025-01-25 00:00:00
2025-01-25,train,17,1,2025-01-01 00:00:00,2025-01-25 00:00:00
2025-01-25,train,40,3,2025-01-01 00:00:00,2025-01-25 00:00:00
2025-01-25,train,34,4,2025-01-01 00:00:00,2025-01-25 00:00:00
2025-01-25,train,32,4,2025-01-01 00:00:00,2025-01-25 00:00:00
2025-01-25,train,18,4,2025-01-01 00:00:00,2025-01-25 00:00:00
2025-01-25,train,19,4,2025-01-01 00:00:00,2025-01-25 00:00:00
2025-01-25,train,38,3,2025-01-01 00:00:00,2025-01-25 00:00:00
2025-01-25,train,33,6,2025-01-01 00:00:00,2025-01-25 00:00:00
2025-01-25,train,20,6,2025-01-01 00:00:00,2025-01-25 00:00:00
2025-01-25,train,29,4,2025-01-01 00:00:00,2025-01-25 00:00:00
2025-01-25,train,10,7,2025-01-01 00:00:00,2025-01-25 00:00:00
2025-01-25,train,12,8,2025-01-01 00:00:00,2025-01-25 00:00:00
2025-01-25,train,30,5,2025-01-01 00:00:00,2025-01-25 00:00:00
2025-01-25,train,27,7,2025-01-01 00:00:00,2025-01-25 00:00:00
2025-01-25,train,23,7,2025-01-01 00:00:00,2025-01-25 00:00:00
2025-01-25,train,24,8,2025-01-01 00:00:00,2025-01-25 00:00:00
2025-01-25,train,28,8,2025-01-01 00:00:00,2025-01-25 00:00:00
2025-01-25,train,44,9,2025-01-01 00:00:00,2025-01-25 00:00:00
2025-01-25,train,43,9,2025-01-01 00:00:00,2025-01-25 00:00:00
2025-01-25,train,25,9,2025-01-01 00:00:00,2025-01-25 00:00:00
2025-01-25,train,21,9,2025-01-01 00:00:00,2025-01-25 00:00:00
2025-01-25,train,37,11,2025-01-01 00:00:00,2025-01-25 00:00:00
2025-01-25,train,36,12,2025-01-01 00:00:00,2025-01-25 00:00:00
2025-01-25,train,26,11,2025-01-01 00:00:00,2025-01-25 00:00:00
2025-01-25,train,22,10,2025-01-01 00:00:00,2025-01-25 00:00:00
2025-01-25,train,31,11,2025-01-01 00:00:00,2025-01-25 00:00:00
2025-01-25,train,87,12,2025-01-01 00:00:00,2025-01-25 00:00:00
2025-01-25,train,46,14,2025-01-01 00:00:00,2025-01-25 00:00:00
2025-01-25,train,47,15,2025-01-01 00:00:00,2025-01-25 00:00:00
2025-01-25,train,112,12,2025-01-01 00:00:00,2025-01-25 00:00:00
2025-01-25,train,110,13,2025-01-01 00:00:00,2025-01-25 00:00:00
2025-01-25,train,113,13,2025-01-01 00:00:00,2025-01-25 00:00:00
2025-01-25,train,126,14,2025-01-01 00:00:00,2025-01-25 00:00:00
2025-01-25,train,58,14,2025-01-01 00:00:00,2025-01-25 00:00:00
2025-01-25,train,78,13,2025-01-01 00:00:00,2025-01-25 00:00:00
2025-01-25,train,79,14,2025-01-01 00:00:00,2025-01-25 00:00:00
2025-01-25,train,89,14,2025-01-01 00:00:00,2025-01-25 00:00:00
2025-01-25,inner_train,8,0,2025-01-01 00:00:00,2025-01-18 00:00:00
2025-01-25,inner_train,5,0,2025-01-01 00:00:00,2025-01-18 00:00:00
2025-01-25,inner_train,4,0,2025-01-01 00:00:00,2025-01-18 00:00:00
2025-01-25,inner_train,7,0,2025-01-01 00:00:00,2025-01-18 00:00:00
2025-01-25,inner_train,6,1,2025-01-01 00:00:00,2025-01-18 00:00:00
2025-01-25,inner_train,3,0,2025-01-01 00:00:00,2025-01-18 00:00:00
2025-01-25,inner_train,2,1,2025-01-01 00:00:00,2025-01-18 00:00:00
2025-01-25,inner_train,45,1,2025-01-01 00:00:00,2025-01-18 00:00:00
2025-01-25,inner_train,13,0,2025-01-01 00:00:00,2025-01-18 00:00:00
2025-01-25,inner_train,41,1,2025-01-01 00:00:00,2025-01-18 00:00:00
2025-01-25,inner_train,15,0,2025-01-01 00:00:00,2025-01-18 00:00:00
2025-01-25,inner_train,11,2,2025-01-01 00:00:00,2025-01-18 00:00:00
2025-01-25,inner_train,9,2,2025-01-01 00:00:00,2025-01-18 00:00:00
2025-01-25,inner_train,35,3,2025-01-01 00:00:00,2025-01-18 00:00:00
2025-01-25,inner_train,42,3,2025-01-01 00:00:00,2025-01-18 00:00:00
2025-01-25,inner_train,39,3,2025-01-01 00:00:00,2025-01-18 00:00:00
2025-01-25,inner_train,14,1,2025-01-01 00:00:00,2025-01-18 00:00:00
2025-01-25,inner_train,16,1,2025-01-01 00:00:00,2025-01-18 00:00:00
2025-01-25,inner_train,17,1,2025-01-01 00:00:00,2025-01-18 00:00:00
2025-01-25,inner_train,40,3,2025-01-01 00:00:00,2025-01-18 00:00:00
2025-01-25,inner_train,34,4,2025-01-01 00:00:00,2025-01-18 00:00:00
2025-01-25,inner_train,32,4,2025-01-01 00:00:00,2025-01-18 00:00:00
2025-01-25,inner_train,18,4,2025-01-01 00:00:00,2025-01-18 00:00:00
2025-01-25,inner_train,19,4,2025-01-01 00:00:00,2025-01-18 00:00:00
2025-01-25,inner_train,38,3,2025-01-01 00:00:00,2025-01-18 00:00:00
2025-01-25,inner_train,33,6,2025-01-01 00:00:00,2025-01-18 00:00:00
2025-01-25,inner_train,20,6,2025-01-01 00:00:00,2025-01-18 00:00:00
2025-01-25,inner_train,29,4,2025-01-01 00:00:00,2025-01-18 00:00:00
2025-01-25,inner_train,10,7,2025-01-01 00:00:00,2025-01-18 00:00:00
2025-01-25,inner_train,12,8,2025-01-01 00:00:00,2025-01-18 00:00:00
2025-01-25,inner_train,30,5,2025-01-01 00:00:00,2025-01-18 00:00:00
2025-01-25,inner_train,27,7,2025-01-01 00:00:00,2025-01-18 00:00:00
2025-01-25,inner_train,23,7,2025-01-01 00:00:00,2025-01-18 00:00:00
2025-01-25,inner_train,24,8,2025-01-01 00:00:00,2025-01-18 00:00:00
2025-01-25,inner_train,28,8,2025-01-01 00:00:00,2025-01-18 00:00:00
2025-01-25,inner_train,44,9,2025-01-01 00:00:00,2025-01-18 00:00:00
2025-01-25,inner_train,43,9,2025-01-01 00:00:00,2025-01-18 00:00:00
2025-01-25,inner_train,25,9,2025-01-01 00:00:00,2025-01-18 00:00:00
2025-01-25,inner_train,21,9,2025-01-01 00:00:00,2025-01-18 00:00:00
2025-01-25,inner_train,37,11,2025-01-01 00:00:00,2025-01-18 00:00:00
2025-01-25,inner_train,36,12,2025-01-01 00:00:00,2025-01-18 00:00:00
2025-01-25,inner_train,26,11,2025-01-01 00:00:00,2025-01-18 00:00:00
2025-01-25,inner_train,22,10,2025-01-01 00:00:00,2025-01-18 00:00:00
2025-01-25,inner_train,31,11,2025-01-01 00:00:00,2025-01-18 00:00:00
2025-01-25,inner_train,87,12,2025-01-01 00:00:00,2025-01-18 00:00:00
2025-01-25,inner_train,46,14,2025-01-01 00:00:00,2025-01-18 00:00:00
2025-01-25,inner_train,47,15,2025-01-01 00:00:00,2025-01-18 00:00:00
2025-01-25,inner_train,112,12,2025-01-01 00:00:00,2025-01-18 00:00:00
2025-01-25,inner_train,110,13,2025-01-01 00:00:00,2025-01-18 00:00:00
2025-01-25,inner_train,113,13,2025-01-01 00:00:00,2025-01-18 00:00:00
2025-01-25,inner_train,126,14,2025-01-01 00:00:00,2025-01-18 00:00:00
2025-01-25,inner_train,58,14,2025-01-01 00:00:00,2025-01-18 00:00:00
2025-01-25,inner_train,78,13,2025-01-01 00:00:00,2025-01-18 00:00:00
2025-01-25,inner_train,79,14,2025-01-01 00:00:00,2025-01-18 00:00:00
2025-01-25,inner_train,89,14,2025-01-01 00:00:00,2025-01-18 00:00:00
2025-01-25,inner_val,526,0,2025-01-18 00:00:00,2025-01-25 00:00:00
2025-01-25,inner_val,536,0,2025-01-18 00:00:00,2025-01-25 00:00:00
2025-01-25,inner_val,530,0,2025-01-18 00:00:00,2025-01-25 00:00:00
2025-01-25,inner_val,534,0,2025-01-18 00:00:00,2025-01-25 00:00:00
2025-01-25,inner_val,524,0,2025-01-18 00:00:00,2025-01-25 00:00:00
2025-01-25,inner_val,527,0,2025-01-18 00:00:00,2025-01-25 00:00:00
2025-01-25,inner_val,521,0,2025-01-18 00:00:00,2025-01-25 00:00:00
2025-01-25,inner_val,532,0,2025-01-18 00:00:00,2025-01-25 00:00:00
2025-01-25,inner_val,518,0,2025-01-18 00:00:00,2025-01-25 00:00:00
2025-01-25,inner_val,519,0,2025-01-18 00:00:00,2025-01-25 00:00:00
2025-01-25,inner_val,513,3,2025-01-18 00:00:00,2025-01-25 00:00:00
2025-01-25,inner_val,512,3,2025-01-18 00:00:00,2025-01-25 00:00:00
2025-01-25,inner_val,533,1,2025-01-18 00:00:00,2025-01-25 00:00:00
2025-01-25,inner_val,523,2,2025-01-18 00:00:00,2025-01-25 00:00:00
2025-01-25,inner_val,535,2,2025-01-18 00:00:00,2025-01-25 00:00:00
2025-01-25,inner_val,522,3,2025-01-18 00:00:00,2025-01-25 00:00:00
2025-01-25,inner_val,516,3,2025-01-18 00:00:00,2025-01-25 00:00:00
2025-01-25,inner_val,520,5,2025-01-18 00:00:00,2025-01-25 00:00:00
2025-01-25,inner_val,515,6,2025-01-18 00:00:00,2025-01-25 00:00:00
2025-01-25,inner_val,517,7,2025-01-18 00:00:00,2025-01-25 00:00:00
2025-01-25,inner_val,529,6,2025-01-18 00:00:00,2025-01-25 00:00:00
2025-01-25,inner_val,546,6,2025-01-18 00:00:00,2025-01-25 00:00:00
2025-01-25,inner_val,548,2,2025-01-18 00:00:00,2025-01-25 00:00:00
2025-01-25,inner_val,547,3,2025-01-18 00:00:00,2025-01-25 00:00:00
2025-01-25,inner_val,549,3,2025-01-18 00:00:00,2025-01-25 00:00:00
2025-01-25,inner_val,552,7,2025-01-18 00:00:00,2025-01-25 00:00:00
2025-01-25,inner_val,537,4,2025-01-18 00:00:00,2025-01-25 00:00:00
2025-01-25,inner_val,538,5,2025-01-18 00:00:00,2025-01-25 00:00:00
2025-01-25,inner_val,540,9,2025-01-18 00:00:00,2025-01-25 00:00:00
2025-01-25,inner_val,543,8,2025-01-18 00:00:00,2025-01-25 00:00:00
2025-01-25,inner_val,545,9,2025-01-18 00:00:00,2025-01-25 00:00:00
2025-01-25,inner_val,544,10,2025-01-18 00:00:00,2025-01-25 00:00:00
2025-01-25,inner_val,560,10,2025-01-18 00:00:00,2025-01-25 00:00:00
2025-01-25,inner_val,561,10,2025-01-18 00:00:00,2025-01-25 00:00:00
2025-01-25,inner_val,562,10,2025-01-18 00:00:00,2025-01-25 00:00:00
2025-01-25,inner_val,563,10,2025-01-18 00:00:00,2025-01-25 00:00:00
2025-01-25,inner_val,557,12,2025-01-18 00:00:00,2025-01-25 00:00:00
2025-01-25,inner_val,559,12,2025-01-18 00:00:00,2025-01-25 00:00:00
2025-01-25,inner_val,550,7,2025-01-18 00:00:00,2025-01-25 00:00:00
2025-01-25,inner_val,554,13,2025-01-18 00:00:00,2025-01-25 00:00:00
2025-01-25,inner_val,556,13,2025-01-18 00:00:00,2025-01-25 00:00:00
2025-01-25,inner_val,553,14,2025-01-18 00:00:00,2025-01-25 00:00:00
2025-01-25,inner_val,555,15,2025-01-18 00:00:00,2025-01-25 00:00:00
2025-01-25,inner_val,541,14,2025-01-18 00:00:00,2025-01-25 00:00:00
2025-01-25,inner_val,542,15,2025-01-18 00:00:00,2025-01-25 00:00:00
2025-01-25,inner_val,551,8,2025-01-18 00:00:00,2025-01-25 00:00:00
2025-01-25,inner_val,539,9,2025-01-18 00:00:00,2025-01-25 00:00:00
2025-01-25,inner_val,586,11,2025-01-18 00:00:00,2025-01-25 00:00:00
2025-01-25,inner_val,587,11,2025-01-18 00:00:00,2025-01-25 00:00:00
2025-01-25,inner_val,588,12,2025-01-18 00:00:00,2025-01-25 00:00:00
2025-01-25,inner_val,564,13,2025-01-18 00:00:00,2025-01-25 00:00:00
2025-01-25,inner_val,578,13,2025-01-18 00:00:00,2025-01-25 00:00:00
2025-01-25,inner_val,566,15,2025-01-18 00:00:00,2025-01-25 00:00:00
2025-01-25,inner_val,565,15,2025-01-18 00:00:00,2025-01-25 00:00:00
2025-01-25,val,718,0,2025-01-25 00:00:00,2025-02-01 00:00:00
2025-01-25,val,765,0,2025-01-25 00:00:00,2025-02-01 00:00:00
2025-01-25,val,740,0,2025-01-25 00:00:00,2025-02-01 00:00:00
2025-01-25,val,743,0,2025-01-25 00:00:00,2025-02-01 00:00:00
2025-01-25,val,727,0,2025-01-25 00:00:00,2025-02-01 00:00:00
2025-01-25,val,748,0,2025-01-25 00:00:00,2025-02-01 00:00:00
2025-01-25,val,729,0,2025-01-25 00:00:00,2025-02-01 00:00:00
2025-01-25,val,725,0,2025-01-25 00:00:00,2025-02-01 00:00:00
2025-01-25,val,744,0,2025-01-25 00:00:00,2025-02-01 00:00:00
2025-01-25,val,763,3,2025-01-25 00:00:00,2025-02-01 00:00:00
2025-01-25,val,762,3,2025-01-25 00:00:00,2025-02-01 00:00:00
2025-01-25,val,753,1,2025-01-25 00:00:00,2025-02-01 00:00:00
2025-01-25,val,726,1,2025-01-25 00:00:00,2025-02-01 00:00:00
2025-01-25,val,721,1,2025-01-25 00:00:00,2025-02-01 00:00:00
2025-01-25,val,730,4,2025-01-25 00:00:00,2025-02-01 00:00:00
2025-01-25,val,755,1,2025-01-25 00:00:00,2025-02-01 00:00:00
2025-01-25,val,764,5,2025-01-25 00:00:00,2025-02-01 00:00:00
2025-01-25,val,749,6,2025-01-25 00:00:00,2025-02-01 00:00:00
2025-01-25,val,750,6,2025-01-25 00:00:00,2025-02-01 00:00:00
2025-01-25,val,754,2,2025-01-25 00:00:00,2025-02-01 00:00:00
2025-01-25,val,722,3,2025-01-25 00:00:00,2025-02-01 00:00:00
2025-01-25,val,723,3,2025-01-25 00:00:00,2025-02-01 00:00:00
2025-01-25,val,719,4,2025-01-25 00:00:00,2025-02-01 00:00:00
2025-01-25,val,751,7,2025-01-25 00:00:00,2025-02-01 00:00:00
2025-01-25,val,752,8,2025-01-25 00:00:00,2025-02-01 00:00:00
2025-01-25,val,731,3,2025-01-25 00:00:00,2025-02-01 00:00:00
2025-01-25,val,720,5,2025-01-25 00:00:00,2025-02-01 00:00:00
2025-01-25,val,735,9,2025-01-25 00:00:00,2025-02-01 00:00:00
2025-01-25,val,715,4,2025-01-25 00:00:00,2025-02-01 00:00:00
2025-01-25,val,716,4,2025-01-25 00:00:00,2025-02-01 00:00:00
2025-01-25,val,758,7,2025-01-25 00:00:00,2025-02-01 00:00:00
2025-01-25,val,761,7,2025-01-25 00:00:00,2025-02-01 00:00:00
2025-01-25,val,736,11,2025-01-25 00:00:00,2025-02-01 00:00:00
2025-01-25,val,738,11,2025-01-25 00:00:00,2025-02-01 00:00:00
2025-01-25,val,737,12,2025-01-25 00:00:00,2025-02-01 00:00:00
2025-01-25,val,756,9,2025-01-25 00:00:00,2025-02-01 00:00:00
2025-01-25,val,759,9,2025-01-25 00:00:00,2025-02-01 00:00:00
2025-01-25,val,760,9,2025-01-25 00:00:00,2025-02-01 00:00:00
2025-01-25,val,746,13,2025-01-25 00:00:00,2025-02-01 00:00:00
2025-01-25,val,739,14,2025-01-25 00:00:00,2025-02-01 00:00:00
2025-01-25,val,717,5,2025-01-25 00:00:00,2025-02-01 00:00:00
2025-01-25,val,757,11,2025-01-25 00:00:00,2025-02-01 00:00:00
2025-01-25,val,745,15,2025-01-25 00:00:00,2025-02-01 00:00:00
2025-01-25,val,734,6,2025-01-25 00:00:00,2025-02-01 00:00:00
2025-01-25,val,801,13,2025-01-25 00:00:00,2025-02-01 00:00:00
2025-01-25,val,802,13,2025-01-25 00:00:00,2025-02-01 00:00:00
2025-01-25,val,803,14,2025-01-25 00:00:00,2025-02-01 00:00:00
2025-01-25,val,788,15,2025-01-25 00:00:00,2025-02-01 00:00:00
2025-01-25,val,790,8,2025-01-25 00:00:00,2025-02-01 00:00:00
2025-01-25,val,789,9,2025-01-25 00:00:00,2025-02-01 00:00:00
2025-01-25,val,773,10,2025-01-25 00:00:00,2025-02-01 00:00:00
2025-01-25,val,784,11,2025-01-25 00:00:00,2025-02-01 00:00:00
2025-01-25,val,791,11,2025-01-25 00:00:00,2025-02-01 00:00:00
2025-01-25,val,767,13,2025-01-25 00:00:00,2025-02-01 00:00:00
2025-01-25,val,817,14,2025-01-25 00:00:00,2025-02-01 00:00:00
2025-01-25,val,808,14,2025-01-25 00:00:00,2025-02-01 00:00:00
2025-01-25,val,822,15,2025-01-25 00:00:00,2025-02-01 00:00:00
2025-02-01,train,8,0,2025-01-01 00:00:00,2025-02-01 00:00:00
2025-02-01,train,5,0,2025-01-01 00:00:00,2025-02-01 00:00:00
2025-02-01,train,4,0,2025-01-01 00:00:00,2025-02-01 00:00:00
2025-02-01,train,7,0,2025-01-01 00:00:00,2025-02-01 00:00:00
2025-02-01,train,6,1,2025-01-01 00:00:00,2025-02-01 00:00:00
2025-02-01,train,3,0,2025-01-01 00:00:00,2025-02-01 00:00:00
2025-02-01,train,2,1,2025-01-01 00:00:00,2025-02-01 00:00:00
2025-02-01,train,45,1,2025-01-01 00:00:00,2025-02-01 00:00:00
2025-02-01,train,13,0,2025-01-01 00:00:00,2025-02-01 00:00:00
2025-02-01,train,41,1,2025-01-01 00:00:00,2025-02-01 00:00:00
2025-02-01,train,15,0,2025-01-01 00:00:00,2025-02-01 00:00:00
2025-02-01,train,11,2,2025-01-01 00:00:00,2025-02-01 00:00:00
2025-02-01,train,9,2,2025-01-01 00:00:00,2025-02-01 00:00:00
2025-02-01,train,35,3,2025-01-01 00:00:00,2025-02-01 00:00:00
2025-02-01,train,42,3,2025-01-01 00:00:00,2025-02-01 00:00:00
2025-02-01,train,39,3,2025-01-01 00:00:00,2025-02-01 00:00:00
2025-02-01,train,14,1,2025-01-01 00:00:00,2025-02-01 00:00:00
2025-02-01,train,16,1,2025-01-01 00:00:00,2025-02-01 00:00:00
2025-02-01,train,17,1,2025-01-01 00:00:00,2025-02-01 00:00:00
2025-02-01,train,40,3,2025-01-01 00:00:00,2025-02-01 00:00:00
2025-02-01,train,34,4,2025-01-01 00:00:00,2025-02-01 00:00:00
2025-02-01,train,32,4,2025-01-01 00:00:00,2025-02-01 00:00:00
2025-02-01,train,18,4,2025-01-01 00:00:00,2025-02-01 00:00:00
2025-02-01,train,19,4,2025-01-01 00:00:00,2025-02-01 00:00:00
2025-02-01,train,38,3,2025-01-01 00:00:00,2025-02-01 00:00:00
2025-02-01,train,33,6,2025-01-01 00:00:00,2025-02-01 00:00:00
2025-02-01,train,20,6,2025-01-01 00:00:00,2025-02-01 00:00:00
2025-02-01,train,29,4,2025-01-01 00:00:00,2025-02-01 00:00:00
2025-02-01,train,10,7,2025-01-01 00:00:00,2025-02-01 00:00:00
2025-02-01,train,12,8,2025-01-01 00:00:00,2025-02-01 00:00:00
2025-02-01,train,30,5,2025-01-01 00:00:00,2025-02-01 00:00:00
2025-02-01,train,27,7,2025-01-01 00:00:00,2025-02-01 00:00:00
2025-02-01,train,23,7,2025-01-01 00:00:00,2025-02-01 00:00:00
2025-02-01,train,24,8,2025-01-01 00:00:00,2025-02-01 00:00:00
2025-02-01,train,28,8,2025-01-01 00:00:00,2025-02-01 00:00:00
2025-02-01,train,44,9,2025-01-01 00:00:00,2025-02-01 00:00:00
2025-02-01,train,43,9,2025-01-01 00:00:00,2025-02-01 00:00:00
2025-02-01,train,25,9,2025-01-01 00:00:00,2025-02-01 00:00:00
2025-02-01,train,21,9,2025-01-01 00:00:00,2025-02-01 00:00:00
2025-02-01,train,37,11,2025-01-01 00:00:00,2025-02-01 00:00:00
2025-02-01,train,36,12,2025-01-01 00:00:00,2025-02-01 00:00:00
2025-02-01,train,26,11,2025-01-01 00:00:00,2025-02-01 00:00:00
2025-02-01,train,22,10,2025-01-01 00:00:00,2025-02-01 00:00:00
2025-02-01,train,31,11,2025-01-01 00:00:00,2025-02-01 00:00:00
2025-02-01,train,87,12,2025-01-01 00:00:00,2025-02-01 00:00:00
2025-02-01,train,46,14,2025-01-01 00:00:00,2025-02-01 00:00:00
2025-02-01,train,47,15,2025-01-01 00:00:00,2025-02-01 00:00:00
2025-02-01,train,112,12,2025-01-01 00:00:00,2025-02-01 00:00:00
2025-02-01,train,110,13,2025-01-01 00:00:00,2025-02-01 00:00:00
2025-02-01,train,113,13,2025-01-01 00:00:00,2025-02-01 00:00:00
2025-02-01,train,126,14,2025-01-01 00:00:00,2025-02-01 00:00:00
2025-02-01,train,58,14,2025-01-01 00:00:00,2025-02-01 00:00:00
2025-02-01,train,78,13,2025-01-01 00:00:00,2025-02-01 00:00:00
2025-02-01,train,79,14,2025-01-01 00:00:00,2025-02-01 00:00:00
2025-02-01,train,89,14,2025-01-01 00:00:00,2025-02-01 00:00:00
2025-02-01,inner_train,8,0,2025-01-01 00:00:00,2025-01-25 00:00:00
2025-02-01,inner_train,5,0,2025-01-01 00:00:00,2025-01-25 00:00:00
2025-02-01,inner_train,4,0,2025-01-01 00:00:00,2025-01-25 00:00:00
2025-02-01,inner_train,7,0,2025-01-01 00:00:00,2025-01-25 00:00:00
2025-02-01,inner_train,6,1,2025-01-01 00:00:00,2025-01-25 00:00:00
2025-02-01,inner_train,3,0,2025-01-01 00:00:00,2025-01-25 00:00:00
2025-02-01,inner_train,2,1,2025-01-01 00:00:00,2025-01-25 00:00:00
2025-02-01,inner_train,45,1,2025-01-01 00:00:00,2025-01-25 00:00:00
2025-02-01,inner_train,13,0,2025-01-01 00:00:00,2025-01-25 00:00:00
2025-02-01,inner_train,41,1,2025-01-01 00:00:00,2025-01-25 00:00:00
2025-02-01,inner_train,15,0,2025-01-01 00:00:00,2025-01-25 00:00:00
2025-02-01,inner_train,11,2,2025-01-01 00:00:00,2025-01-25 00:00:00
2025-02-01,inner_train,9,2,2025-01-01 00:00:00,2025-01-25 00:00:00
2025-02-01,inner_train,35,3,2025-01-01 00:00:00,2025-01-25 00:00:00
2025-02-01,inner_train,42,3,2025-01-01 00:00:00,2025-01-25 00:00:00
2025-02-01,inner_train,39,3,2025-01-01 00:00:00,2025-01-25 00:00:00
2025-02-01,inner_train,14,1,2025-01-01 00:00:00,2025-01-25 00:00:00
2025-02-01,inner_train,16,1,2025-01-01 00:00:00,2025-01-25 00:00:00
2025-02-01,inner_train,17,1,2025-01-01 00:00:00,2025-01-25 00:00:00
2025-02-01,inner_train,40,3,2025-01-01 00:00:00,2025-01-25 00:00:00
2025-02-01,inner_train,34,4,2025-01-01 00:00:00,2025-01-25 00:00:00
2025-02-01,inner_train,32,4,2025-01-01 00:00:00,2025-01-25 00:00:00
2025-02-01,inner_train,18,4,2025-01-01 00:00:00,2025-01-25 00:00:00
2025-02-01,inner_train,19,4,2025-01-01 00:00:00,2025-01-25 00:00:00
2025-02-01,inner_train,38,3,2025-01-01 00:00:00,2025-01-25 00:00:00
2025-02-01,inner_train,33,6,2025-01-01 00:00:00,2025-01-25 00:00:00
2025-02-01,inner_train,20,6,2025-01-01 00:00:00,2025-01-25 00:00:00
2025-02-01,inner_train,29,4,2025-01-01 00:00:00,2025-01-25 00:00:00
2025-02-01,inner_train,10,7,2025-01-01 00:00:00,2025-01-25 00:00:00
2025-02-01,inner_train,12,8,2025-01-01 00:00:00,2025-01-25 00:00:00
2025-02-01,inner_train,30,5,2025-01-01 00:00:00,2025-01-25 00:00:00
2025-02-01,inner_train,27,7,2025-01-01 00:00:00,2025-01-25 00:00:00
2025-02-01,inner_train,23,7,2025-01-01 00:00:00,2025-01-25 00:00:00
2025-02-01,inner_train,24,8,2025-01-01 00:00:00,2025-01-25 00:00:00
2025-02-01,inner_train,28,8,2025-01-01 00:00:00,2025-01-25 00:00:00
2025-02-01,inner_train,44,9,2025-01-01 00:00:00,2025-01-25 00:00:00
2025-02-01,inner_train,43,9,2025-01-01 00:00:00,2025-01-25 00:00:00
2025-02-01,inner_train,25,9,2025-01-01 00:00:00,2025-01-25 00:00:00
2025-02-01,inner_train,21,9,2025-01-01 00:00:00,2025-01-25 00:00:00
2025-02-01,inner_train,37,11,2025-01-01 00:00:00,2025-01-25 00:00:00
2025-02-01,inner_train,36,12,2025-01-01 00:00:00,2025-01-25 00:00:00
2025-02-01,inner_train,26,11,2025-01-01 00:00:00,2025-01-25 00:00:00
2025-02-01,inner_train,22,10,2025-01-01 00:00:00,2025-01-25 00:00:00
2025-02-01,inner_train,31,11,2025-01-01 00:00:00,2025-01-25 00:00:00
2025-02-01,inner_train,87,12,2025-01-01 00:00:00,2025-01-25 00:00:00
2025-02-01,inner_train,46,14,2025-01-01 00:00:00,2025-01-25 00:00:00
2025-02-01,inner_train,47,15,2025-01-01 00:00:00,2025-01-25 00:00:00
2025-02-01,inner_train,112,12,2025-01-01 00:00:00,2025-01-25 00:00:00
2025-02-01,inner_train,110,13,2025-01-01 00:00:00,2025-01-25 00:00:00
2025-02-01,inner_train,113,13,2025-01-01 00:00:00,2025-01-25 00:00:00
2025-02-01,inner_train,126,14,2025-01-01 00:00:00,2025-01-25 00:00:00
2025-02-01,inner_train,58,14,2025-01-01 00:00:00,2025-01-25 00:00:00
2025-02-01,inner_train,78,13,2025-01-01 00:00:00,2025-01-25 00:00:00
2025-02-01,inner_train,79,14,2025-01-01 00:00:00,2025-01-25 00:00:00
2025-02-01,inner_train,89,14,2025-01-01 00:00:00,2025-01-25 00:00:00
2025-02-01,inner_val,718,0,2025-01-25 00:00:00,2025-02-01 00:00:00
2025-02-01,inner_val,765,0,2025-01-25 00:00:00,2025-02-01 00:00:00
2025-02-01,inner_val,740,0,2025-01-25 00:00:00,2025-02-01 00:00:00
2025-02-01,inner_val,743,0,2025-01-25 00:00:00,2025-02-01 00:00:00
2025-02-01,inner_val,727,0,2025-01-25 00:00:00,2025-02-01 00:00:00
2025-02-01,inner_val,748,0,2025-01-25 00:00:00,2025-02-01 00:00:00
2025-02-01,inner_val,729,0,2025-01-25 00:00:00,2025-02-01 00:00:00
2025-02-01,inner_val,725,0,2025-01-25 00:00:00,2025-02-01 00:00:00
2025-02-01,inner_val,744,0,2025-01-25 00:00:00,2025-02-01 00:00:00
2025-02-01,inner_val,763,3,2025-01-25 00:00:00,2025-02-01 00:00:00
2025-02-01,inner_val,762,3,2025-01-25 00:00:00,2025-02-01 00:00:00
2025-02-01,inner_val,753,1,2025-01-25 00:00:00,2025-02-01 00:00:00
2025-02-01,inner_val,726,1,2025-01-25 00:00:00,2025-02-01 00:00:00
2025-02-01,inner_val,721,1,2025-01-25 00:00:00,2025-02-01 00:00:00
2025-02-01,inner_val,730,4,2025-01-25 00:00:00,2025-02-01 00:00:00
2025-02-01,inner_val,755,1,2025-01-25 00:00:00,2025-02-01 00:00:00
2025-02-01,inner_val,764,5,2025-01-25 00:00:00,2025-02-01 00:00:00
2025-02-01,inner_val,749,6,2025-01-25 00:00:00,2025-02-01 00:00:00
2025-02-01,inner_val,750,6,2025-01-25 00:00:00,2025-02-01 00:00:00
2025-02-01,inner_val,754,2,2025-01-25 00:00:00,2025-02-01 00:00:00
2025-02-01,inner_val,722,3,2025-01-25 00:00:00,2025-02-01 00:00:00
2025-02-01,inner_val,723,3,2025-01-25 00:00:00,2025-02-01 00:00:00
2025-02-01,inner_val,719,4,2025-01-25 00:00:00,2025-02-01 00:00:00
2025-02-01,inner_val,751,7,2025-01-25 00:00:00,2025-02-01 00:00:00
2025-02-01,inner_val,752,8,2025-01-25 00:00:00,2025-02-01 00:00:00
2025-02-01,inner_val,731,3,2025-01-25 00:00:00,2025-02-01 00:00:00
2025-02-01,inner_val,720,5,2025-01-25 00:00:00,2025-02-01 00:00:00
2025-02-01,inner_val,735,9,2025-01-25 00:00:00,2025-02-01 00:00:00
2025-02-01,inner_val,715,4,2025-01-25 00:00:00,2025-02-01 00:00:00
2025-02-01,inner_val,716,4,2025-01-25 00:00:00,2025-02-01 00:00:00
2025-02-01,inner_val,758,7,2025-01-25 00:00:00,2025-02-01 00:00:00
2025-02-01,inner_val,761,7,2025-01-25 00:00:00,2025-02-01 00:00:00
2025-02-01,inner_val,736,11,2025-01-25 00:00:00,2025-02-01 00:00:00
2025-02-01,inner_val,738,11,2025-01-25 00:00:00,2025-02-01 00:00:00
2025-02-01,inner_val,737,12,2025-01-25 00:00:00,2025-02-01 00:00:00
2025-02-01,inner_val,756,9,2025-01-25 00:00:00,2025-02-01 00:00:00
2025-02-01,inner_val,759,9,2025-01-25 00:00:00,2025-02-01 00:00:00
2025-02-01,inner_val,760,9,2025-01-25 00:00:00,2025-02-01 00:00:00
2025-02-01,inner_val,746,13,2025-01-25 00:00:00,2025-02-01 00:00:00
2025-02-01,inner_val,739,14,2025-01-25 00:00:00,2025-02-01 00:00:00
2025-02-01,inner_val,717,5,2025-01-25 00:00:00,2025-02-01 00:00:00
2025-02-01,inner_val,757,11,2025-01-25 00:00:00,2025-02-01 00:00:00
2025-02-01,inner_val,745,15,2025-01-25 00:00:00,2025-02-01 00:00:00
2025-02-01,inner_val,734,6,2025-01-25 00:00:00,2025-02-01 00:00:00
2025-02-01,inner_val,801,13,2025-01-25 00:00:00,2025-02-01 00:00:00
2025-02-01,inner_val,802,13,2025-01-25 00:00:00,2025-02-01 00:00:00
2025-02-01,inner_val,803,14,2025-01-25 00:00:00,2025-02-01 00:00:00
2025-02-01,inner_val,788,15,2025-01-25 00:00:00,2025-02-01 00:00:00
2025-02-01,inner_val,790,8,2025-01-25 00:00:00,2025-02-01 00:00:00
2025-02-01,inner_val,789,9,2025-01-25 00:00:00,2025-02-01 00:00:00
2025-02-01,inner_val,773,10,2025-01-25 00:00:00,2025-02-01 00:00:00
2025-02-01,inner_val,784,11,2025-01-25 00:00:00,2025-02-01 00:00:00
2025-02-01,inner_val,791,11,2025-01-25 00:00:00,2025-02-01 00:00:00
2025-02-01,inner_val,767,13,2025-01-25 00:00:00,2025-02-01 00:00:00
2025-02-01,inner_val,817,14,2025-01-25 00:00:00,2025-02-01 00:00:00
2025-02-01,inner_val,808,14,2025-01-25 00:00:00,2025-02-01 00:00:00
2025-02-01,inner_val,822,15,2025-01-25 00:00:00,2025-02-01 00:00:00
2025-02-01,val,968,0,2025-02-01 00:00:00,2025-02-08 00:00:00
2025-02-01,val,962,0,2025-02-01 00:00:00,2025-02-08 00:00:00
2025-02-01,val,963,0,2025-02-01 00:00:00,2025-02-08 00:00:00
2025-02-01,val,964,0,2025-02-01 00:00:00,2025-02-08 00:00:00
2025-02-01,val,934,1,2025-02-01 00:00:00,2025-02-08 00:00:00
2025-02-01,val,933,1,2025-02-01 00:00:00,2025-02-08 00:00:00
2025-02-01,val,932,1,2025-02-01 00:00:00,2025-02-08 00:00:00
2025-02-01,val,935,1,2025-02-01 00:00:00,2025-02-08 00:00:00
2025-02-01,val,953,0,2025-02-01 00:00:00,2025-02-08 00:00:00
2025-02-01,val,938,2,2025-02-01 00:00:00,2025-02-08 00:00:00
2025-02-01,val,946,2,2025-02-01 00:00:00,2025-02-08 00:00:00
2025-02-01,val,954,0,2025-02-01 00:00:00,2025-02-08 00:00:00
2025-02-01,val,937,3,2025-02-01 00:00:00,2025-02-08 00:00:00
2025-02-01,val,941,3,2025-02-01 00:00:00,2025-02-08 00:00:00
2025-02-01,val,942,3,2025-02-01 00:00:00,2025-02-08 00:00:00
2025-02-01,val,936,3,2025-02-01 00:00:00,2025-02-08 00:00:00
2025-02-01,val,939,0,2025-02-01 00:00:00,2025-02-08 00:00:00
2025-02-01,val,948,5,2025-02-01 00:00:00,2025-02-08 00:00:00
2025-02-01,val,944,3,2025-02-01 00:00:00,2025-02-08 00:00:00
2025-02-01,val,940,1,2025-02-01 00:00:00,2025-02-08 00:00:00
2025-02-01,val,957,3,2025-02-01 00:00:00,2025-02-08 00:00:00
2025-02-01,val,949,5,2025-02-01 00:00:00,2025-02-08 00:00:00
2025-02-01,val,956,5,2025-02-01 00:00:00,2025-02-08 00:00:00
2025-02-01,val,950,7,2025-02-01 00:00:00,2025-02-08 00:00:00
2025-02-01,val,965,6,2025-02-01 00:00:00,2025-02-08 00:00:00
2025-02-01,val,947,8,2025-02-01 00:00:00,2025-02-08 00:00:00
2025-02-01,val,955,7,2025-02-01 00:00:00,2025-02-08 00:00:00
2025-02-01,val,943,2,2025-02-01 00:00:00,2025-02-08 00:00:00
2025-02-01,val,972,9,2025-02-01 00:00:00,2025-02-08 00:00:00
2025-02-01,val,984,8,2025-02-01 00:00:00,2025-02-08 00:00:00
2025-02-01,val,978,3,2025-02-01 00:00:00,2025-02-08 00:00:00
2025-02-01,val,990,8,2025-02-01 00:00:00,2025-02-08 00:00:00
2025-02-01,val,980,9,2025-02-01 00:00:00,2025-02-08 00:00:00
2025-02-01,val,973,10,2025-02-01 00:00:00,2025-02-08 00:00:00
2025-02-01,val,971,9,2025-02-01 00:00:00,2025-02-08 00:00:00
2025-02-01,val,988,3,2025-02-01 00:00:00,2025-02-08 00:00:00
2025-02-01,val,974,11,2025-02-01 00:00:00,2025-02-08 00:00:00
2025-02-01,val,975,12,2025-02-01 00:00:00,2025-02-08 00:00:00
2025-02-01,val,981,12,2025-02-01 00:00:00,2025-02-08 00:00:00
2025-02-01,val,991,12,2025-02-01 00:00:00,2025-02-08 00:00:00
2025-02-01,val,979,5,2025-02-01 00:00:00,2025-02-08 00:00:00
2025-02-01,val,977,13,2025-02-01 00:00:00,2025-02-08 00:00:00
2025-02-01,val,987,5,2025-02-01 00:00:00,2025-02-08 00:00:00
2025-02-01,val,982,14,2025-02-01 00:00:00,2025-02-08 00:00:00
2025-02-01,val,985,13,2025-02-01 00:00:00,2025-02-08 00:00:00
2025-02-01,val,992,14,2025-02-01 00:00:00,2025-02-08 00:00:00
2025-02-01,val,970,7,2025-02-01 00:00:00,2025-02-08 00:00:00
2025-02-01,val,986,9,2025-02-01 00:00:00,2025-02-08 00:00:00
2025-02-01,val,999,10,2025-02-01 00:00:00,2025-02-08 00:00:00
2025-02-01,val,995,10,2025-02-01 00:00:00,2025-02-08 00:00:00
2025-02-01,val,994,12,2025-02-01 00:00:00,2025-02-08 00:00:00
2025-02-01,val,1017,12,2025-02-01 00:00:00,2025-02-08 00:00:00
2025-02-01,val,1018,14,2025-02-01 00:00:00,2025-02-08 00:00:00
2025-02-01,val,1019,14,2025-02-01 00:00:00,2025-02-08 00:00:00
2025-02-08,train,8,0,2025-01-01 00:00:00,2025-02-08 00:00:00
2025-02-08,train,5,0,2025-01-01 00:00:00,2025-02-08 00:00:00
2025-02-08,train,4,0,2025-01-01 00:00:00,2025-02-08 00:00:00
2025-02-08,train,7,0,2025-01-01 00:00:00,2025-02-08 00:00:00
2025-02-08,train,6,1,2025-01-01 00:00:00,2025-02-08 00:00:00
2025-02-08,train,3,0,2025-01-01 00:00:00,2025-02-08 00:00:00
2025-02-08,train,2,1,2025-01-01 00:00:00,2025-02-08 00:00:00
2025-02-08,train,45,1,2025-01-01 00:00:00,2025-02-08 00:00:00
2025-02-08,train,13,0,2025-01-01 00:00:00,2025-02-08 00:00:00
2025-02-08,train,41,1,2025-01-01 00:00:00,2025-02-08 00:00:00
2025-02-08,train,15,0,2025-01-01 00:00:00,2025-02-08 00:00:00
2025-02-08,train,11,2,2025-01-01 00:00:00,2025-02-08 00:00:00
2025-02-08,train,9,2,2025-01-01 00:00:00,2025-02-08 00:00:00
2025-02-08,train,35,3,2025-01-01 00:00:00,2025-02-08 00:00:00
2025-02-08,train,42,3,2025-01-01 00:00:00,2025-02-08 00:00:00
2025-02-08,train,39,3,2025-01-01 00:00:00,2025-02-08 00:00:00
2025-02-08,train,14,1,2025-01-01 00:00:00,2025-02-08 00:00:00
2025-02-08,train,16,1,2025-01-01 00:00:00,2025-02-08 00:00:00
2025-02-08,train,17,1,2025-01-01 00:00:00,2025-02-08 00:00:00
2025-02-08,train,40,3,2025-01-01 00:00:00,2025-02-08 00:00:00
2025-02-08,train,34,4,2025-01-01 00:00:00,2025-02-08 00:00:00
2025-02-08,train,32,4,2025-01-01 00:00:00,2025-02-08 00:00:00
2025-02-08,train,18,4,2025-01-01 00:00:00,2025-02-08 00:00:00
2025-02-08,train,19,4,2025-01-01 00:00:00,2025-02-08 00:00:00
2025-02-08,train,38,3,2025-01-01 00:00:00,2025-02-08 00:00:00
2025-02-08,train,33,6,2025-01-01 00:00:00,2025-02-08 00:00:00
2025-02-08,train,20,6,2025-01-01 00:00:00,2025-02-08 00:00:00
2025-02-08,train,29,4,2025-01-01 00:00:00,2025-02-08 00:00:00
2025-02-08,train,10,7,2025-01-01 00:00:00,2025-02-08 00:00:00
2025-02-08,train,12,8,2025-01-01 00:00:00,2025-02-08 00:00:00
2025-02-08,train,30,5,2025-01-01 00:00:00,2025-02-08 00:00:00
2025-02-08,train,27,7,2025-01-01 00:00:00,2025-02-08 00:00:00
2025-02-08,train,23,7,2025-01-01 00:00:00,2025-02-08 00:00:00
2025-02-08,train,24,8,2025-01-01 00:00:00,2025-02-08 00:00:00
2025-02-08,train,28,8,2025-01-01 00:00:00,2025-02-08 00:00:00
2025-02-08,train,44,9,2025-01-01 00:00:00,2025-02-08 00:00:00
2025-02-08,train,43,9,2025-01-01 00:00:00,2025-02-08 00:00:00
2025-02-08,train,25,9,2025-01-01 00:00:00,2025-02-08 00:00:00
2025-02-08,train,21,9,2025-01-01 00:00:00,2025-02-08 00:00:00
2025-02-08,train,37,11,2025-01-01 00:00:00,2025-02-08 00:00:00
2025-02-08,train,36,12,2025-01-01 00:00:00,2025-02-08 00:00:00
2025-02-08,train,26,11,2025-01-01 00:00:00,2025-02-08 00:00:00
2025-02-08,train,22,10,2025-01-01 00:00:00,2025-02-08 00:00:00
2025-02-08,train,31,11,2025-01-01 00:00:00,2025-02-08 00:00:00
2025-02-08,train,87,12,2025-01-01 00:00:00,2025-02-08 00:00:00
2025-02-08,train,46,14,2025-01-01 00:00:00,2025-02-08 00:00:00
2025-02-08,train,47,15,2025-01-01 00:00:00,2025-02-08 00:00:00
2025-02-08,train,112,12,2025-01-01 00:00:00,2025-02-08 00:00:00
2025-02-08,train,110,13,2025-01-01 00:00:00,2025-02-08 00:00:00
2025-02-08,train,113,13,2025-01-01 00:00:00,2025-02-08 00:00:00
2025-02-08,train,126,14,2025-01-01 00:00:00,2025-02-08 00:00:00
2025-02-08,train,58,14,2025-01-01 00:00:00,2025-02-08 00:00:00
2025-02-08,train,78,13,2025-01-01 00:00:00,2025-02-08 00:00:00
2025-02-08,train,79,14,2025-01-01 00:00:00,2025-02-08 00:00:00
2025-02-08,train,89,14,2025-01-01 00:00:00,2025-02-08 00:00:00
2025-02-08,inner_train,8,0,2025-01-01 00:00:00,2025-02-01 00:00:00
2025-02-08,inner_train,5,0,2025-01-01 00:00:00,2025-02-01 00:00:00
2025-02-08,inner_train,4,0,2025-01-01 00:00:00,2025-02-01 00:00:00
2025-02-08,inner_train,7,0,2025-01-01 00:00:00,2025-02-01 00:00:00
2025-02-08,inner_train,6,1,2025-01-01 00:00:00,2025-02-01 00:00:00
2025-02-08,inner_train,3,0,2025-01-01 00:00:00,2025-02-01 00:00:00
2025-02-08,inner_train,2,1,2025-01-01 00:00:00,2025-02-01 00:00:00
2025-02-08,inner_train,45,1,2025-01-01 00:00:00,2025-02-01 00:00:00
2025-02-08,inner_train,13,0,2025-01-01 00:00:00,2025-02-01 00:00:00
2025-02-08,inner_train,41,1,2025-01-01 00:00:00,2025-02-01 00:00:00
2025-02-08,inner_train,15,0,2025-01-01 00:00:00,2025-02-01 00:00:00
2025-02-08,inner_train,11,2,2025-01-01 00:00:00,2025-02-01 00:00:00
2025-02-08,inner_train,9,2,2025-01-01 00:00:00,2025-02-01 00:00:00
2025-02-08,inner_train,35,3,2025-01-01 00:00:00,2025-02-01 00:00:00
2025-02-08,inner_train,42,3,2025-01-01 00:00:00,2025-02-01 00:00:00
2025-02-08,inner_train,39,3,2025-01-01 00:00:00,2025-02-01 00:00:00
2025-02-08,inner_train,14,1,2025-01-01 00:00:00,2025-02-01 00:00:00
2025-02-08,inner_train,16,1,2025-01-01 00:00:00,2025-02-01 00:00:00
2025-02-08,inner_train,17,1,2025-01-01 00:00:00,2025-02-01 00:00:00
2025-02-08,inner_train,40,3,2025-01-01 00:00:00,2025-02-01 00:00:00
2025-02-08,inner_train,34,4,2025-01-01 00:00:00,2025-02-01 00:00:00
2025-02-08,inner_train,32,4,2025-01-01 00:00:00,2025-02-01 00:00:00
2025-02-08,inner_train,18,4,2025-01-01 00:00:00,2025-02-01 00:00:00
2025-02-08,inner_train,19,4,2025-01-01 00:00:00,2025-02-01 00:00:00
2025-02-08,inner_train,38,3,2025-01-01 00:00:00,2025-02-01 00:00:00
2025-02-08,inner_train,33,6,2025-01-01 00:00:00,2025-02-01 00:00:00
2025-02-08,inner_train,20,6,2025-01-01 00:00:00,2025-02-01 00:00:00
2025-02-08,inner_train,29,4,2025-01-01 00:00:00,2025-02-01 00:00:00
2025-02-08,inner_train,10,7,2025-01-01 00:00:00,2025-02-01 00:00:00
2025-02-08,inner_train,12,8,2025-01-01 00:00:00,2025-02-01 00:00:00
2025-02-08,inner_train,30,5,2025-01-01 00:00:00,2025-02-01 00:00:00
2025-02-08,inner_train,27,7,2025-01-01 00:00:00,2025-02-01 00:00:00
2025-02-08,inner_train,23,7,2025-01-01 00:00:00,2025-02-01 00:00:00
2025-02-08,inner_train,24,8,2025-01-01 00:00:00,2025-02-01 00:00:00
2025-02-08,inner_train,28,8,2025-01-01 00:00:00,2025-02-01 00:00:00
2025-02-08,inner_train,44,9,2025-01-01 00:00:00,2025-02-01 00:00:00
2025-02-08,inner_train,43,9,2025-01-01 00:00:00,2025-02-01 00:00:00
2025-02-08,inner_train,25,9,2025-01-01 00:00:00,2025-02-01 00:00:00
2025-02-08,inner_train,21,9,2025-01-01 00:00:00,2025-02-01 00:00:00
2025-02-08,inner_train,37,11,2025-01-01 00:00:00,2025-02-01 00:00:00
2025-02-08,inner_train,36,12,2025-01-01 00:00:00,2025-02-01 00:00:00
2025-02-08,inner_train,26,11,2025-01-01 00:00:00,2025-02-01 00:00:00
2025-02-08,inner_train,22,10,2025-01-01 00:00:00,2025-02-01 00:00:00
2025-02-08,inner_train,31,11,2025-01-01 00:00:00,2025-02-01 00:00:00
2025-02-08,inner_train,87,12,2025-01-01 00:00:00,2025-02-01 00:00:00
2025-02-08,inner_train,46,14,2025-01-01 00:00:00,2025-02-01 00:00:00
2025-02-08,inner_train,47,15,2025-01-01 00:00:00,2025-02-01 00:00:00
2025-02-08,inner_train,112,12,2025-01-01 00:00:00,2025-02-01 00:00:00
2025-02-08,inner_train,110,13,2025-01-01 00:00:00,2025-02-01 00:00:00
2025-02-08,inner_train,113,13,2025-01-01 00:00:00,2025-02-01 00:00:00
2025-02-08,inner_train,126,14,2025-01-01 00:00:00,2025-02-01 00:00:00
2025-02-08,inner_train,58,14,2025-01-01 00:00:00,2025-02-01 00:00:00
2025-02-08,inner_train,78,13,2025-01-01 00:00:00,2025-02-01 00:00:00
2025-02-08,inner_train,79,14,2025-01-01 00:00:00,2025-02-01 00:00:00
2025-02-08,inner_train,89,14,2025-01-01 00:00:00,2025-02-01 00:00:00
2025-02-08,inner_val,968,0,2025-02-01 00:00:00,2025-02-08 00:00:00
2025-02-08,inner_val,962,0,2025-02-01 00:00:00,2025-02-08 00:00:00
2025-02-08,inner_val,963,0,2025-02-01 00:00:00,2025-02-08 00:00:00
2025-02-08,inner_val,964,0,2025-02-01 00:00:00,2025-02-08 00:00:00
2025-02-08,inner_val,934,1,2025-02-01 00:00:00,2025-02-08 00:00:00
2025-02-08,inner_val,933,1,2025-02-01 00:00:00,2025-02-08 00:00:00
2025-02-08,inner_val,932,1,2025-02-01 00:00:00,2025-02-08 00:00:00
2025-02-08,inner_val,935,1,2025-02-01 00:00:00,2025-02-08 00:00:00
2025-02-08,inner_val,953,0,2025-02-01 00:00:00,2025-02-08 00:00:00
2025-02-08,inner_val,938,2,2025-02-01 00:00:00,2025-02-08 00:00:00
2025-02-08,inner_val,946,2,2025-02-01 00:00:00,2025-02-08 00:00:00
2025-02-08,inner_val,954,0,2025-02-01 00:00:00,2025-02-08 00:00:00
2025-02-08,inner_val,937,3,2025-02-01 00:00:00,2025-02-08 00:00:00
2025-02-08,inner_val,941,3,2025-02-01 00:00:00,2025-02-08 00:00:00
2025-02-08,inner_val,942,3,2025-02-01 00:00:00,2025-02-08 00:00:00
2025-02-08,inner_val,936,3,2025-02-01 00:00:00,2025-02-08 00:00:00
2025-02-08,inner_val,939,0,2025-02-01 00:00:00,2025-02-08 00:00:00
2025-02-08,inner_val,948,5,2025-02-01 00:00:00,2025-02-08 00:00:00
2025-02-08,inner_val,944,3,2025-02-01 00:00:00,2025-02-08 00:00:00
2025-02-08,inner_val,940,1,2025-02-01 00:00:00,2025-02-08 00:00:00
2025-02-08,inner_val,957,3,2025-02-01 00:00:00,2025-02-08 00:00:00
2025-02-08,inner_val,949,5,2025-02-01 00:00:00,2025-02-08 00:00:00
2025-02-08,inner_val,956,5,2025-02-01 00:00:00,2025-02-08 00:00:00
2025-02-08,inner_val,950,7,2025-02-01 00:00:00,2025-02-08 00:00:00
2025-02-08,inner_val,965,6,2025-02-01 00:00:00,2025-02-08 00:00:00
2025-02-08,inner_val,947,8,2025-02-01 00:00:00,2025-02-08 00:00:00
2025-02-08,inner_val,955,7,2025-02-01 00:00:00,2025-02-08 00:00:00
2025-02-08,inner_val,943,2,2025-02-01 00:00:00,2025-02-08 00:00:00
2025-02-08,inner_val,972,9,2025-02-01 00:00:00,2025-02-08 00:00:00
2025-02-08,inner_val,984,8,2025-02-01 00:00:00,2025-02-08 00:00:00
2025-02-08,inner_val,978,3,2025-02-01 00:00:00,2025-02-08 00:00:00
2025-02-08,inner_val,990,8,2025-02-01 00:00:00,2025-02-08 00:00:00
2025-02-08,inner_val,980,9,2025-02-01 00:00:00,2025-02-08 00:00:00
2025-02-08,inner_val,973,10,2025-02-01 00:00:00,2025-02-08 00:00:00
2025-02-08,inner_val,971,9,2025-02-01 00:00:00,2025-02-08 00:00:00
2025-02-08,inner_val,988,3,2025-02-01 00:00:00,2025-02-08 00:00:00
2025-02-08,inner_val,974,11,2025-02-01 00:00:00,2025-02-08 00:00:00
2025-02-08,inner_val,975,12,2025-02-01 00:00:00,2025-02-08 00:00:00
2025-02-08,inner_val,981,12,2025-02-01 00:00:00,2025-02-08 00:00:00
2025-02-08,inner_val,991,12,2025-02-01 00:00:00,2025-02-08 00:00:00
2025-02-08,inner_val,979,5,2025-02-01 00:00:00,2025-02-08 00:00:00
2025-02-08,inner_val,977,13,2025-02-01 00:00:00,2025-02-08 00:00:00
2025-02-08,inner_val,987,5,2025-02-01 00:00:00,2025-02-08 00:00:00
2025-02-08,inner_val,982,14,2025-02-01 00:00:00,2025-02-08 00:00:00
2025-02-08,inner_val,985,13,2025-02-01 00:00:00,2025-02-08 00:00:00
2025-02-08,inner_val,992,14,2025-02-01 00:00:00,2025-02-08 00:00:00
2025-02-08,inner_val,970,7,2025-02-01 00:00:00,2025-02-08 00:00:00
2025-02-08,inner_val,986,9,2025-02-01 00:00:00,2025-02-08 00:00:00
2025-02-08,inner_val,999,10,2025-02-01 00:00:00,2025-02-08 00:00:00
2025-02-08,inner_val,995,10,2025-02-01 00:00:00,2025-02-08 00:00:00
2025-02-08,inner_val,994,12,2025-02-01 00:00:00,2025-02-08 00:00:00
2025-02-08,inner_val,1017,12,2025-02-01 00:00:00,2025-02-08 00:00:00
2025-02-08,inner_val,1018,14,2025-02-01 00:00:00,2025-02-08 00:00:00
2025-02-08,inner_val,1019,14,2025-02-01 00:00:00,2025-02-08 00:00:00
2025-02-08,val,1151,0,2025-02-08 00:00:00,2025-02-15 00:00:00
2025-02-08,val,1152,0,2025-02-08 00:00:00,2025-02-15 00:00:00
2025-02-08,val,1132,0,2025-02-08 00:00:00,2025-02-15 00:00:00
2025-02-08,val,1161,0,2025-02-08 00:00:00,2025-02-15 00:00:00
2025-02-08,val,1150,0,2025-02-08 00:00:00,2025-02-15 00:00:00
2025-02-08,val,1134,0,2025-02-08 00:00:00,2025-02-15 00:00:00
2025-02-08,val,1135,0,2025-02-08 00:00:00,2025-02-15 00:00:00
2025-02-08,val,1156,0,2025-02-08 00:00:00,2025-02-15 00:00:00
2025-02-08,val,1146,2,2025-02-08 00:00:00,2025-02-15 00:00:00
2025-02-08,val,1147,2,2025-02-08 00:00:00,2025-02-15 00:00:00
2025-02-08,val,1142,1,2025-02-08 00:00:00,2025-02-15 00:00:00
2025-02-08,val,1149,2,2025-02-08 00:00:00,2025-02-15 00:00:00
2025-02-08,val,1160,3,2025-02-08 00:00:00,2025-02-15 00:00:00
2025-02-08,val,1158,4,2025-02-08 00:00:00,2025-02-15 00:00:00
2025-02-08,val,1137,4,2025-02-08 00:00:00,2025-02-15 00:00:00
2025-02-08,val,1138,4,2025-02-08 00:00:00,2025-02-15 00:00:00
2025-02-08,val,1159,7,2025-02-08 00:00:00,2025-02-15 00:00:00
2025-02-08,val,1155,7,2025-02-08 00:00:00,2025-02-15 00:00:00
2025-02-08,val,1144,2,2025-02-08 00:00:00,2025-02-15 00:00:00
2025-02-08,val,1145,2,2025-02-08 00:00:00,2025-02-15 00:00:00
2025-02-08,val,1153,5,2025-02-08 00:00:00,2025-02-15 00:00:00
2025-02-08,val,1165,7,2025-02-08 00:00:00,2025-02-15 00:00:00
2025-02-08,val,1166,8,2025-02-08 00:00:00,2025-02-15 00:00:00
2025-02-08,val,1154,6,2025-02-08 00:00:00,2025-02-15 00:00:00
2025-02-08,val,1136,3,2025-02-08 00:00:00,2025-02-15 00:00:00
2025-02-08,val,1129,3,2025-02-08 00:00:00,2025-02-15 00:00:00
2025-02-08,val,1143,7,2025-02-08 00:00:00,2025-02-15 00:00:00
2025-02-08,val,1130,9,2025-02-08 00:00:00,2025-02-15 00:00:00
2025-02-08,val,1164,10,2025-02-08 00:00:00,2025-02-15 00:00:00
2025-02-08,val,1148,10,2025-02-08 00:00:00,2025-02-15 00:00:00
2025-02-08,val,1169,8,2025-02-08 00:00:00,2025-02-15 00:00:00
2025-02-08,val,1170,8,2025-02-08 00:00:00,2025-02-15 00:00:00
2025-02-08,val,1189,11,2025-02-08 00:00:00,2025-02-15 00:00:00
2025-02-08,val,1186,11,2025-02-08 00:00:00,2025-02-15 00:00:00
2025-02-08,val,1178,12,2025-02-08 00:00:00,2025-02-15 00:00:00
2025-02-08,val,1184,5,2025-02-08 00:00:00,2025-02-15 00:00:00
2025-02-08,val,1183,5,2025-02-08 00:00:00,2025-02-15 00:00:00
2025-02-08,val,1187,13,2025-02-08 00:00:00,2025-02-15 00:00:00
2025-02-08,val,1172,10,2025-02-08 00:00:00,2025-02-15 00:00:00
2025-02-08,val,1176,10,2025-02-08 00:00:00,2025-02-15 00:00:00
2025-02-08,val,1185,14,2025-02-08 00:00:00,2025-02-15 00:00:00
2025-02-08,val,1175,7,2025-02-08 00:00:00,2025-02-15 00:00:00
2025-02-08,val,1177,7,2025-02-08 00:00:00,2025-02-15 00:00:00
2025-02-08,val,1173,7,2025-02-08 00:00:00,2025-02-15 00:00:00
2025-02-08,val,1195,12,2025-02-08 00:00:00,2025-02-15 00:00:00
2025-02-08,val,1174,9,2025-02-08 00:00:00,2025-02-15 00:00:00
2025-02-08,val,1196,13,2025-02-08 00:00:00,2025-02-15 00:00:00
2025-02-08,val,1198,13,2025-02-08 00:00:00,2025-02-15 00:00:00
2025-02-08,val,1197,14,2025-02-08 00:00:00,2025-02-15 00:00:00
2025-02-08,val,1194,11,2025-02-08 00:00:00,2025-02-15 00:00:00
2025-02-08,val,1191,11,2025-02-08 00:00:00,2025-02-15 00:00:00
2025-02-08,val,1192,12,2025-02-08 00:00:00,2025-02-15 00:00:00
2025-02-08,val,1193,14,2025-02-08 00:00:00,2025-02-15 00:00:00
2025-02-08,val,1223,15,2025-02-08 00:00:00,2025-02-15 00:00:00
2025-02-15,train,8,0,2025-01-01 00:00:00,2025-02-15 00:00:00
2025-02-15,train,5,0,2025-01-01 00:00:00,2025-02-15 00:00:00
2025-02-15,train,4,0,2025-01-01 00:00:00,2025-02-15 00:00:00
2025-02-15,train,7,0,2025-01-01 00:00:00,2025-02-15 00:00:00
2025-02-15,train,6,1,2025-01-01 00:00:00,2025-02-15 00:00:00
2025-02-15,train,3,0,2025-01-01 00:00:00,2025-02-15 00:00:00
2025-02-15,train,2,1,2025-01-01 00:00:00,2025-02-15 00:00:00
2025-02-15,train,45,1,2025-01-01 00:00:00,2025-02-15 00:00:00
2025-02-15,train,13,0,2025-01-01 00:00:00,2025-02-15 00:00:00
2025-02-15,train,41,1,2025-01-01 00:00:00,2025-02-15 00:00:00
2025-02-15,train,15,0,2025-01-01 00:00:00,2025-02-15 00:00:00
2025-02-15,train,11,2,2025-01-01 00:00:00,2025-02-15 00:00:00
2025-02-15,train,9,2,2025-01-01 00:00:00,2025-02-15 00:00:00
2025-02-15,train,35,3,2025-01-01 00:00:00,2025-02-15 00:00:00
2025-02-15,train,42,3,2025-01-01 00:00:00,2025-02-15 00:00:00
2025-02-15,train,39,3,2025-01-01 00:00:00,2025-02-15 00:00:00
2025-02-15,train,14,1,2025-01-01 00:00:00,2025-02-15 00:00:00
2025-02-15,train,16,1,2025-01-01 00:00:00,2025-02-15 00:00:00
2025-02-15,train,17,1,2025-01-01 00:00:00,2025-02-15 00:00:00
2025-02-15,train,40,3,2025-01-01 00:00:00,2025-02-15 00:00:00
2025-02-15,train,34,4,2025-01-01 00:00:00,2025-02-15 00:00:00
2025-02-15,train,32,4,2025-01-01 00:00:00,2025-02-15 00:00:00
2025-02-15,train,18,4,2025-01-01 00:00:00,2025-02-15 00:00:00
2025-02-15,train,19,4,2025-01-01 00:00:00,2025-02-15 00:00:00
2025-02-15,train,38,3,2025-01-01 00:00:00,2025-02-15 00:00:00
2025-02-15,train,33,6,2025-01-01 00:00:00,2025-02-15 00:00:00
2025-02-15,train,20,6,2025-01-01 00:00:00,2025-02-15 00:00:00
2025-02-15,train,29,4,2025-01-01 00:00:00,2025-02-15 00:00:00
2025-02-15,train,10,7,2025-01-01 00:00:00,2025-02-15 00:00:00
2025-02-15,train,12,8,2025-01-01 00:00:00,2025-02-15 00:00:00
2025-02-15,train,30,5,2025-01-01 00:00:00,2025-02-15 00:00:00
2025-02-15,train,27,7,2025-01-01 00:00:00,2025-02-15 00:00:00
2025-02-15,train,23,7,2025-01-01 00:00:00,2025-02-15 00:00:00
2025-02-15,train,24,8,2025-01-01 00:00:00,2025-02-15 00:00:00
2025-02-15,train,28,8,2025-01-01 00:00:00,2025-02-15 00:00:00
2025-02-15,train,44,9,2025-01-01 00:00:00,2025-02-15 00:00:00
2025-02-15,train,43,9,2025-01-01 00:00:00,2025-02-15 00:00:00
2025-02-15,train,25,9,2025-01-01 00:00:00,2025-02-15 00:00:00
2025-02-15,train,21,9,2025-01-01 00:00:00,2025-02-15 00:00:00
2025-02-15,train,37,11,2025-01-01 00:00:00,2025-02-15 00:00:00
2025-02-15,train,36,12,2025-01-01 00:00:00,2025-02-15 00:00:00
2025-02-15,train,26,11,2025-01-01 00:00:00,2025-02-15 00:00:00
2025-02-15,train,22,10,2025-01-01 00:00:00,2025-02-15 00:00:00
2025-02-15,train,31,11,2025-01-01 00:00:00,2025-02-15 00:00:00
2025-02-15,train,87,12,2025-01-01 00:00:00,2025-02-15 00:00:00
2025-02-15,train,46,14,2025-01-01 00:00:00,2025-02-15 00:00:00
2025-02-15,train,47,15,2025-01-01 00:00:00,2025-02-15 00:00:00
2025-02-15,train,112,12,2025-01-01 00:00:00,2025-02-15 00:00:00
2025-02-15,train,110,13,2025-01-01 00:00:00,2025-02-15 00:00:00
2025-02-15,train,113,13,2025-01-01 00:00:00,2025-02-15 00:00:00
2025-02-15,train,126,14,2025-01-01 00:00:00,2025-02-15 00:00:00
2025-02-15,train,58,14,2025-01-01 00:00:00,2025-02-15 00:00:00
2025-02-15,train,78,13,2025-01-01 00:00:00,2025-02-15 00:00:00
2025-02-15,train,79,14,2025-01-01 00:00:00,2025-02-15 00:00:00
2025-02-15,train,89,14,2025-01-01 00:00:00,2025-02-15 00:00:00
2025-02-15,inner_train,8,0,2025-01-01 00:00:00,2025-02-08 00:00:00
2025-02-15,inner_train,5,0,2025-01-01 00:00:00,2025-02-08 00:00:00
2025-02-15,inner_train,4,0,2025-01-01 00:00:00,2025-02-08 00:00:00
2025-02-15,inner_train,7,0,2025-01-01 00:00:00,2025-02-08 00:00:00
2025-02-15,inner_train,6,1,2025-01-01 00:00:00,2025-02-08 00:00:00
2025-02-15,inner_train,3,0,2025-01-01 00:00:00,2025-02-08 00:00:00
2025-02-15,inner_train,2,1,2025-01-01 00:00:00,2025-02-08 00:00:00
2025-02-15,inner_train,45,1,2025-01-01 00:00:00,2025-02-08 00:00:00
2025-02-15,inner_train,13,0,2025-01-01 00:00:00,2025-02-08 00:00:00
2025-02-15,inner_train,41,1,2025-01-01 00:00:00,2025-02-08 00:00:00
2025-02-15,inner_train,15,0,2025-01-01 00:00:00,2025-02-08 00:00:00
2025-02-15,inner_train,11,2,2025-01-01 00:00:00,2025-02-08 00:00:00
2025-02-15,inner_train,9,2,2025-01-01 00:00:00,2025-02-08 00:00:00
2025-02-15,inner_train,35,3,2025-01-01 00:00:00,2025-02-08 00:00:00
2025-02-15,inner_train,42,3,2025-01-01 00:00:00,2025-02-08 00:00:00
2025-02-15,inner_train,39,3,2025-01-01 00:00:00,2025-02-08 00:00:00
2025-02-15,inner_train,14,1,2025-01-01 00:00:00,2025-02-08 00:00:00
2025-02-15,inner_train,16,1,2025-01-01 00:00:00,2025-02-08 00:00:00
2025-02-15,inner_train,17,1,2025-01-01 00:00:00,2025-02-08 00:00:00
2025-02-15,inner_train,40,3,2025-01-01 00:00:00,2025-02-08 00:00:00
2025-02-15,inner_train,34,4,2025-01-01 00:00:00,2025-02-08 00:00:00
2025-02-15,inner_train,32,4,2025-01-01 00:00:00,2025-02-08 00:00:00
2025-02-15,inner_train,18,4,2025-01-01 00:00:00,2025-02-08 00:00:00
2025-02-15,inner_train,19,4,2025-01-01 00:00:00,2025-02-08 00:00:00
2025-02-15,inner_train,38,3,2025-01-01 00:00:00,2025-02-08 00:00:00
2025-02-15,inner_train,33,6,2025-01-01 00:00:00,2025-02-08 00:00:00
2025-02-15,inner_train,20,6,2025-01-01 00:00:00,2025-02-08 00:00:00
2025-02-15,inner_train,29,4,2025-01-01 00:00:00,2025-02-08 00:00:00
2025-02-15,inner_train,10,7,2025-01-01 00:00:00,2025-02-08 00:00:00
2025-02-15,inner_train,12,8,2025-01-01 00:00:00,2025-02-08 00:00:00
2025-02-15,inner_train,30,5,2025-01-01 00:00:00,2025-02-08 00:00:00
2025-02-15,inner_train,27,7,2025-01-01 00:00:00,2025-02-08 00:00:00
2025-02-15,inner_train,23,7,2025-01-01 00:00:00,2025-02-08 00:00:00
2025-02-15,inner_train,24,8,2025-01-01 00:00:00,2025-02-08 00:00:00
2025-02-15,inner_train,28,8,2025-01-01 00:00:00,2025-02-08 00:00:00
2025-02-15,inner_train,44,9,2025-01-01 00:00:00,2025-02-08 00:00:00
2025-02-15,inner_train,43,9,2025-01-01 00:00:00,2025-02-08 00:00:00
2025-02-15,inner_train,25,9,2025-01-01 00:00:00,2025-02-08 00:00:00
2025-02-15,inner_train,21,9,2025-01-01 00:00:00,2025-02-08 00:00:00
2025-02-15,inner_train,37,11,2025-01-01 00:00:00,2025-02-08 00:00:00
2025-02-15,inner_train,36,12,2025-01-01 00:00:00,2025-02-08 00:00:00
2025-02-15,inner_train,26,11,2025-01-01 00:00:00,2025-02-08 00:00:00
2025-02-15,inner_train,22,10,2025-01-01 00:00:00,2025-02-08 00:00:00
2025-02-15,inner_train,31,11,2025-01-01 00:00:00,2025-02-08 00:00:00
2025-02-15,inner_train,87,12,2025-01-01 00:00:00,2025-02-08 00:00:00
2025-02-15,inner_train,46,14,2025-01-01 00:00:00,2025-02-08 00:00:00
2025-02-15,inner_train,47,15,2025-01-01 00:00:00,2025-02-08 00:00:00
2025-02-15,inner_train,112,12,2025-01-01 00:00:00,2025-02-08 00:00:00
2025-02-15,inner_train,110,13,2025-01-01 00:00:00,2025-02-08 00:00:00
2025-02-15,inner_train,113,13,2025-01-01 00:00:00,2025-02-08 00:00:00
2025-02-15,inner_train,126,14,2025-01-01 00:00:00,2025-02-08 00:00:00
2025-02-15,inner_train,58,14,2025-01-01 00:00:00,2025-02-08 00:00:00
2025-02-15,inner_train,78,13,2025-01-01 00:00:00,2025-02-08 00:00:00
2025-02-15,inner_train,79,14,2025-01-01 00:00:00,2025-02-08 00:00:00
2025-02-15,inner_train,89,14,2025-01-01 00:00:00,2025-02-08 00:00:00
2025-02-15,inner_val,1151,0,2025-02-08 00:00:00,2025-02-15 00:00:00
2025-02-15,inner_val,1152,0,2025-02-08 00:00:00,2025-02-15 00:00:00
2025-02-15,inner_val,1132,0,2025-02-08 00:00:00,2025-02-15 00:00:00
2025-02-15,inner_val,1161,0,2025-02-08 00:00:00,2025-02-15 00:00:00
2025-02-15,inner_val,1150,0,2025-02-08 00:00:00,2025-02-15 00:00:00
2025-02-15,inner_val,1134,0,2025-02-08 00:00:00,2025-02-15 00:00:00
2025-02-15,inner_val,1135,0,2025-02-08 00:00:00,2025-02-15 00:00:00
2025-02-15,inner_val,1156,0,2025-02-08 00:00:00,2025-02-15 00:00:00
2025-02-15,inner_val,1146,2,2025-02-08 00:00:00,2025-02-15 00:00:00
2025-02-15,inner_val,1147,2,2025-02-08 00:00:00,2025-02-15 00:00:00
2025-02-15,inner_val,1142,1,2025-02-08 00:00:00,2025-02-15 00:00:00
2025-02-15,inner_val,1149,2,2025-02-08 00:00:00,2025-02-15 00:00:00
2025-02-15,inner_val,1160,3,2025-02-08 00:00:00,2025-02-15 00:00:00
2025-02-15,inner_val,1158,4,2025-02-08 00:00:00,2025-02-15 00:00:00
2025-02-15,inner_val,1137,4,2025-02-08 00:00:00,2025-02-15 00:00:00
2025-02-15,inner_val,1138,4,2025-02-08 00:00:00,2025-02-15 00:00:00
2025-02-15,inner_val,1159,7,2025-02-08 00:00:00,2025-02-15 00:00:00
2025-02-15,inner_val,1155,7,2025-02-08 00:00:00,2025-02-15 00:00:00
2025-02-15,inner_val,1144,2,2025-02-08 00:00:00,2025-02-15 00:00:00
2025-02-15,inner_val,1145,2,2025-02-08 00:00:00,2025-02-15 00:00:00
2025-02-15,inner_val,1153,5,2025-02-08 00:00:00,2025-02-15 00:00:00
2025-02-15,inner_val,1165,7,2025-02-08 00:00:00,2025-02-15 00:00:00
2025-02-15,inner_val,1166,8,2025-02-08 00:00:00,2025-02-15 00:00:00
2025-02-15,inner_val,1154,6,2025-02-08 00:00:00,2025-02-15 00:00:00
2025-02-15,inner_val,1136,3,2025-02-08 00:00:00,2025-02-15 00:00:00
2025-02-15,inner_val,1129,3,2025-02-08 00:00:00,2025-02-15 00:00:00
2025-02-15,inner_val,1143,7,2025-02-08 00:00:00,2025-02-15 00:00:00
2025-02-15,inner_val,1130,9,2025-02-08 00:00:00,2025-02-15 00:00:00
2025-02-15,inner_val,1164,10,2025-02-08 00:00:00,2025-02-15 00:00:00
2025-02-15,inner_val,1148,10,2025-02-08 00:00:00,2025-02-15 00:00:00
2025-02-15,inner_val,1169,8,2025-02-08 00:00:00,2025-02-15 00:00:00
2025-02-15,inner_val,1170,8,2025-02-08 00:00:00,2025-02-15 00:00:00
2025-02-15,inner_val,1189,11,2025-02-08 00:00:00,2025-02-15 00:00:00
2025-02-15,inner_val,1186,11,2025-02-08 00:00:00,2025-02-15 00:00:00
2025-02-15,inner_val,1178,12,2025-02-08 00:00:00,2025-02-15 00:00:00
2025-02-15,inner_val,1184,5,2025-02-08 00:00:00,2025-02-15 00:00:00
2025-02-15,inner_val,1183,5,2025-02-08 00:00:00,2025-02-15 00:00:00
2025-02-15,inner_val,1187,13,2025-02-08 00:00:00,2025-02-15 00:00:00
2025-02-15,inner_val,1172,10,2025-02-08 00:00:00,2025-02-15 00:00:00
2025-02-15,inner_val,1176,10,2025-02-08 00:00:00,2025-02-15 00:00:00
2025-02-15,inner_val,1185,14,2025-02-08 00:00:00,2025-02-15 00:00:00
2025-02-15,inner_val,1175,7,2025-02-08 00:00:00,2025-02-15 00:00:00
2025-02-15,inner_val,1177,7,2025-02-08 00:00:00,2025-02-15 00:00:00
2025-02-15,inner_val,1173,7,2025-02-08 00:00:00,2025-02-15 00:00:00
2025-02-15,inner_val,1195,12,2025-02-08 00:00:00,2025-02-15 00:00:00
2025-02-15,inner_val,1174,9,2025-02-08 00:00:00,2025-02-15 00:00:00
2025-02-15,inner_val,1196,13,2025-02-08 00:00:00,2025-02-15 00:00:00
2025-02-15,inner_val,1198,13,2025-02-08 00:00:00,2025-02-15 00:00:00
2025-02-15,inner_val,1197,14,2025-02-08 00:00:00,2025-02-15 00:00:00
2025-02-15,inner_val,1194,11,2025-02-08 00:00:00,2025-02-15 00:00:00
2025-02-15,inner_val,1191,11,2025-02-08 00:00:00,2025-02-15 00:00:00
2025-02-15,inner_val,1192,12,2025-02-08 00:00:00,2025-02-15 00:00:00
2025-02-15,inner_val,1193,14,2025-02-08 00:00:00,2025-02-15 00:00:00
2025-02-15,inner_val,1223,15,2025-02-08 00:00:00,2025-02-15 00:00:00
2025-02-15,val,1361,0,2025-02-15 00:00:00,2025-02-22 00:00:00
2025-02-15,val,1363,0,2025-02-15 00:00:00,2025-02-22 00:00:00
2025-02-15,val,1349,0,2025-02-15 00:00:00,2025-02-22 00:00:00
2025-02-15,val,1366,0,2025-02-15 00:00:00,2025-02-22 00:00:00
2025-02-15,val,1362,0,2025-02-15 00:00:00,2025-02-22 00:00:00
2025-02-15,val,1369,0,2025-02-15 00:00:00,2025-02-22 00:00:00
2025-02-15,val,1346,0,2025-02-15 00:00:00,2025-02-22 00:00:00
2025-02-15,val,1347,0,2025-02-15 00:00:00,2025-02-22 00:00:00
2025-02-15,val,1364,1,2025-02-15 00:00:00,2025-02-22 00:00:00
2025-02-15,val,1365,2,2025-02-15 00:00:00,2025-02-22 00:00:00
2025-02-15,val,1344,2,2025-02-15 00:00:00,2025-02-22 00:00:00
2025-02-15,val,1350,3,2025-02-15 00:00:00,2025-02-22 00:00:00
2025-02-15,val,1354,2,2025-02-15 00:00:00,2025-02-22 00:00:00
2025-02-15,val,1367,3,2025-02-15 00:00:00,2025-02-22 00:00:00
2025-02-15,val,1360,4,2025-02-15 00:00:00,2025-02-22 00:00:00
2025-02-15,val,1351,4,2025-02-15 00:00:00,2025-02-22 00:00:00
2025-02-15,val,1355,3,2025-02-15 00:00:00,2025-02-22 00:00:00
2025-02-15,val,1352,5,2025-02-15 00:00:00,2025-02-22 00:00:00
2025-02-15,val,1356,4,2025-02-15 00:00:00,2025-02-22 00:00:00
2025-02-15,val,1357,5,2025-02-15 00:00:00,2025-02-22 00:00:00
2025-02-15,val,1359,5,2025-02-15 00:00:00,2025-02-22 00:00:00
2025-02-15,val,1358,6,2025-02-15 00:00:00,2025-02-22 00:00:00
2025-02-15,val,1345,6,2025-02-15 00:00:00,2025-02-22 00:00:00
2025-02-15,val,1383,6,2025-02-15 00:00:00,2025-02-22 00:00:00
2025-02-15,val,1398,7,2025-02-15 00:00:00,2025-02-22 00:00:00
2025-02-15,val,1382,7,2025-02-15 00:00:00,2025-02-22 00:00:00
2025-02-15,val,1376,7,2025-02-15 00:00:00,2025-02-22 00:00:00
2025-02-15,val,1379,7,2025-02-15 00:00:00,2025-02-22 00:00:00
2025-02-15,val,1399,8,2025-02-15 00:00:00,2025-02-22 00:00:00
2025-02-15,val,1400,9,2025-02-15 00:00:00,2025-02-22 00:00:00
2025-02-15,val,1401,9,2025-02-15 00:00:00,2025-02-22 00:00:00
2025-02-15,val,1373,10,2025-02-15 00:00:00,2025-02-22 00:00:00
2025-02-15,val,1377,10,2025-02-15 00:00:00,2025-02-22 00:00:00
2025-02-15,val,1380,9,2025-02-15 00:00:00,2025-02-22 00:00:00
2025-02-15,val,1375,11,2025-02-15 00:00:00,2025-02-22 00:00:00
2025-02-15,val,1374,11,2025-02-15 00:00:00,2025-02-22 00:00:00
2025-02-15,val,1378,10,2025-02-15 00:00:00,2025-02-22 00:00:00
2025-02-15,val,1381,9,2025-02-15 00:00:00,2025-02-22 00:00:00
2025-02-15,val,1395,12,2025-02-15 00:00:00,2025-02-22 00:00:00
2025-02-15,val,1388,11,2025-02-15 00:00:00,2025-02-22 00:00:00
2025-02-15,val,1386,10,2025-02-15 00:00:00,2025-02-22 00:00:00
2025-02-15,val,1393,13,2025-02-15 00:00:00,2025-02-22 00:00:00
2025-02-15,val,1392,14,2025-02-15 00:00:00,2025-02-22 00:00:00
2025-02-15,val,1387,12,2025-02-15 00:00:00,2025-02-22 00:00:00
2025-02-15,val,1390,11,2025-02-15 00:00:00,2025-02-22 00:00:00
2025-02-15,val,1384,13,2025-02-15 00:00:00,2025-02-22 00:00:00
2025-02-15,val,1385,14,2025-02-15 00:00:00,2025-02-22 00:00:00
2025-02-15,val,1389,15,2025-02-15 00:00:00,2025-02-22 00:00:00
2025-02-15,val,1391,12,2025-02-15 00:00:00,2025-02-22 00:00:00
2025-02-15,val,1402,13,2025-02-15 00:00:00,2025-02-22 00:00:00
2025-02-15,val,1403,14,2025-02-15 00:00:00,2025-02-22 00:00:00
