model,metric,recomputed
Chronos_2_covariates,MAE_kWh,85.5268463128548
Chronos_2_covariates,RMSE_kWh,120.82345253333357
Chronos_2_covariates,bias_kWh,-8.1107244869891
Chronos_2_covariates,WAPE,0.3253107102059077
Chronos_2_univariate,MAE_kWh,100.02253202149805
Chronos_2_univariate,RMSE_kWh,136.46946260632578
Chronos_2_univariate,bias_kWh,-11.603474576451589
Chronos_2_univariate,WAPE,0.38044663554507924
NHITS,MAE_kWh,65.2783590584111
NHITS,RMSE_kWh,92.55806628361591
NHITS,bias_kWh,-3.0501816400655475
NHITS,WAPE,0.24829337526006964
Ridge_actual,MAE_kWh,53.54568072531758
Ridge_actual,RMSE_kWh,77.01402450926359
Ridge_actual,bias_kWh,-4.722378063147596
Ridge_actual,WAPE,0.2036668505406325
Ridge_ventana,MAE_kWh,63.94908224122765
Ridge_ventana,RMSE_kWh,85.9486892286969
Ridge_ventana,bias_kWh,-1.42065920759022
Ridge_ventana,WAPE,0.24323732556221936
TFT,MAE_kWh,53.650719637336834
TFT,RMSE_kWh,79.10502300169657
TFT,bias_kWh,-11.22964878904233
TFT,WAPE,0.20406637752591666
TimesFM_2.5_covariates,MAE_kWh,112.12129180826767
TimesFM_2.5_covariates,RMSE_kWh,644.6068246570111
TimesFM_2.5_covariates,bias_kWh,28.027767535486053
TimesFM_2.5_covariates,WAPE,0.4264655910955674
TimesFM_2.5_univariate,MAE_kWh,96.39798574403169
TimesFM_2.5_univariate,RMSE_kWh,130.7236611474866
TimesFM_2.5_univariate,bias_kWh,-9.221855384302048
TimesFM_2.5_univariate,WAPE,0.3666602775238372
