metodo,nominal,semana,n,cobertura,ancho_medio_kWh,interval_score,alertas_altas,alertas_bajas
actualizado_200,90,2025-03-03,113.0,0.9203539823008849,192.042405675234,301.5161922223744,7.0,2.0
actualizado_200,90,2025-03-10,234.0,0.8846153846153846,168.67943477409867,250.05106574141612,19.0,8.0
actualizado_200,90,2025-03-17,202.0,0.8564356435643564,244.76068484510944,535.9201798617672,23.0,6.0
actualizado_200,90,2025-03-24,206.0,0.9174757281553398,263.20945605026293,424.78055330221184,15.0,2.0
actualizado_200,90,2025-03-31,43.0,0.9534883720930233,244.63438835136,300.2885888569413,2.0,0.0
actualizado_200,95,2025-03-03,113.0,0.9380530973451328,270.77278558169945,364.0539605020046,6.0,1.0
actualizado_200,95,2025-03-10,234.0,0.9401709401709402,224.0939885851876,309.8506099003444,9.0,5.0
actualizado_200,95,2025-03-17,202.0,0.9207920792079208,350.19127234503947,734.3268502095782,13.0,3.0
actualizado_200,95,2025-03-24,206.0,0.970873786407767,378.6820446263615,579.0499635546753,6.0,0.0
actualizado_200,95,2025-03-31,43.0,0.9767441860465116,318.92365452769775,347.1917451040447,1.0,0.0
fijo,90,2025-03-03,113.0,0.8938053097345132,182.80296329630514,299.66275643173964,10.0,2.0
fijo,90,2025-03-10,234.0,0.9102564102564102,183.78324107357824,243.60588061762746,15.0,6.0
fijo,90,2025-03-17,202.0,0.8217821782178217,184.08320003975518,558.8214653325241,27.0,9.0
fijo,90,2025-03-24,206.0,0.8106796116504854,182.99827096552804,430.9245201339505,32.0,7.0
fijo,90,2025-03-31,43.0,0.9069767441860465,185.95116662226152,282.6090163440438,4.0,0.0
fijo,95,2025-03-03,113.0,0.9292035398230089,255.65507290860654,363.7216267158494,6.0,2.0
fijo,95,2025-03-10,234.0,0.9700854700854701,259.80977601010113,291.19220704799926,5.0,2.0
fijo,95,2025-03-17,202.0,0.8861386138613861,259.15861588308184,775.0217614088657,19.0,4.0
fijo,95,2025-03-24,206.0,0.9320388349514563,258.37928972768987,563.255798127249,13.0,1.0
fijo,95,2025-03-31,43.0,0.9534883720930233,262.8237665558964,355.5496301620396,2.0,0.0
