metodo,nominal,linea,n,cobertura,ancho_medio_kWh,interval_score,alertas_altas,alertas_bajas
actualizado_200,90,Pellet 1,200.0,0.86,215.7760932572737,493.3954760251391,27.0,1.0
actualizado_200,90,Pellet 2,333.0,0.9429429429429429,218.61464462789297,290.2047396286835,13.0,6.0
actualizado_200,90,Pellet 3,265.0,0.8603773584905661,224.1508273587629,399.7701329676276,26.0,11.0
actualizado_200,95,Pellet 1,200.0,0.92,298.0456003981773,667.3437557545352,16.0,0.0
actualizado_200,95,Pellet 2,333.0,0.975975975975976,306.4537358785798,388.00369070859597,5.0,3.0
actualizado_200,95,Pellet 3,265.0,0.9245283018867925,316.3696578259729,503.83668441739405,14.0,6.0
fijo,90,Pellet 1,200.0,0.81,182.95733705303917,526.0814887634349,37.0,1.0
fijo,90,Pellet 2,333.0,0.9159159159159159,182.4822018386207,279.1759923473895,22.0,6.0
fijo,90,Pellet 3,265.0,0.8264150943396227,185.59367182082207,401.8427893754765,29.0,17.0
fijo,95,Pellet 1,200.0,0.9,256.08862312408587,719.7861918299852,20.0,0.0
fijo,95,Pellet 2,333.0,0.963963963963964,256.38365480657984,359.20391986018427,9.0,3.0
fijo,95,Pellet 3,265.0,0.9169811320754717,264.0325479389363,503.9286826583255,16.0,6.0
