panel,modelo,metrica,valor,diferencia
desarrollo,ExtraTrees,MAE,52.31376374622623,0.0
desarrollo,ExtraTrees,RMSE,75.37326171414414,0.0
desarrollo,ExtraTrees,sesgo,-4.8855502642498845,8.881784197001252e-16
desarrollo,ExtraTrees,WAPE,0.20196892502998567,8.326672684688674e-17
desarrollo,HistGradientBoosting,MAE,51.49687256760197,0.0
desarrollo,HistGradientBoosting,RMSE,73.4649874300133,0.0
desarrollo,HistGradientBoosting,sesgo,-5.722313212536104,8.881784197001252e-16
desarrollo,HistGradientBoosting,WAPE,0.19881513487232144,5.551115123125783e-17
desarrollo,MLP_3_semillas,MAE,56.64183962350222,0.0
desarrollo,MLP_3_semillas,RMSE,81.3563715752089,0.0
desarrollo,MLP_3_semillas,sesgo,-1.466316229476139,-8.881784197001252e-16
desarrollo,MLP_3_semillas,WAPE,0.21867842497386422,2.7755575615628914e-17
desarrollo,Mediana_maquina,MAE,82.60528940266364,0.0
desarrollo,Mediana_maquina,RMSE,112.78302104715539,-1.4210854715202004e-14
desarrollo,Mediana_maquina,sesgo,-14.086612476734036,0.0
desarrollo,Mediana_maquina,WAPE,0.3189160998504979,0.0
desarrollo,Ridge,MAE,51.48103051631016,-1.4210854715202004e-14
desarrollo,Ridge,RMSE,72.30965744963358,0.0
desarrollo,Ridge,sesgo,-3.13608207054309,1.3322676295501878e-15
desarrollo,Ridge,WAPE,0.19875397310836967,-2.7755575615628914e-17
desarrollo,SEC_maquina,MAE,59.69114083628926,0.0
desarrollo,SEC_maquina,RMSE,83.92175349627409,0.0
desarrollo,SEC_maquina,sesgo,-6.593961432083251,1.7763568394002505e-15
desarrollo,SEC_maquina,WAPE,0.23045093079139217,8.326672684688674e-17
desarrollo,SEC_ultimos5,MAE,73.51011337057591,0.0
desarrollo,SEC_ultimos5,RMSE,109.54558069948244,0.0
desarrollo,SEC_ultimos5,sesgo,4.288584973906362,-8.881784197001252e-16
desarrollo,SEC_ultimos5,WAPE,0.28380214905410234,5.551115123125783e-17
hipotesis,H1_masa_maquina,MAE,51.26443359736384,-7.105427357601002e-15
hipotesis,H1_masa_maquina,RMSE,72.10612793851261,0.0
hipotesis,H1_masa_maquina,sesgo,-3.182926752789067,3.552713678800501e-15
hipotesis,H1_masa_maquina,WAPE,0.1979177525088233,0.0
hipotesis,H2_masa_subfamilia,MAE,50.03918407287627,0.0
hipotesis,H2_masa_subfamilia,RMSE,71.20399862119744,0.0
hipotesis,H2_masa_subfamilia,sesgo,-3.826413935936348,2.220446049250313e-15
hipotesis,H2_masa_subfamilia,WAPE,0.19318740409507326,5.551115123125783e-17
hipotesis,H3_sesgo_reciente,MAE,49.76874009650003,0.0
hipotesis,H3_sesgo_reciente,RMSE,70.67225628712642,0.0
hipotesis,H3_sesgo_reciente,sesgo,-0.6798074891811325,1.1102230246251565e-15
hipotesis,H3_sesgo_reciente,WAPE,0.19214329494906512,2.7755575615628914e-17
hipotesis,Ridge,MAE,51.48103051631016,0.0
hipotesis,Ridge,RMSE,72.30965744963358,0.0
hipotesis,Ridge,sesgo,-3.1360820705430887,2.6645352591003757e-15
hipotesis,Ridge,WAPE,0.19875397310836967,8.326672684688674e-17
prueba_original,Ridge,MAE,52.448851035284356,0.0
prueba_original,Ridge,RMSE,80.41857997514578,0.0
prueba_original,Ridge,sesgo,-21.888685880369014,0.0
prueba_original,Ridge,WAPE,0.19114894088038747,0.0
prueba_original,SEC,MAE,61.28719626571656,7.105427357601002e-15
prueba_original,SEC,RMSE,92.05403606492699,0.0
prueba_original,SEC,sesgo,-24.574631953638605,0.0
prueba_original,SEC,WAPE,0.22336013896355977,2.7755575615628914e-17
