encoded_variable,coefficient_kWh
num__masa_dosificada_t,73.90028035370551
num__baches_dosificacion,14.230926266450922
num__hora_sin,0.19117958034459054
num__hora_cos,-0.04957752239401222
num__dia_sin,-1.8094097573826957
num__dia_cos,-1.4543708279619314
cat__linea_Pellet 1,-0.7987376686948452
cat__linea_Pellet 2,0.11809310159881854
cat__linea_Pellet 3,0.6806445670928516
cat__subfamilia_SUBLINEA AVICULTURA ENGORDE,-10.93498422421102
cat__subfamilia_SUBLINEA AVICULTURA POSTURA,-27.492823205608747
cat__subfamilia_SUBLINEA EQUINOS,5.23335915346392
cat__subfamilia_SUBLINEA GANADERIA CARNE,-20.71530337119196
cat__subfamilia_SUBLINEA GANADERIA LECHE,11.038761056347923
cat__subfamilia_SUBLINEA OTROS CONEJOS,4.95647335452216
cat__subfamilia_SUBLINEA PORCICULTURA CEBA,-52.89822690137218
cat__subfamilia_SUBLINEA PORCICULTURA CRIA,23.057496881738246
cat__subfamilia_SUBLINEA PORCICULTURA PREINICIADORES,67.75524725630979
cat__forma_CROMBELIZADO,54.32465696094234
cat__forma_PELETIZADO,-54.32465696094223
cat__salida_programada_ENSAQUE,15.560002303688114
cat__salida_programada_GRANEL,-15.56000230368729
